id,sensor_name,temperature,humidite,timestamp
68efc02bde2c1760e688d1ac,sensor_1,27.59,46.8,2025-10-15 15:39:23
68efc02dde2c1760e688d1ad,sensor_2,27.83,58.95,2025-10-15 15:39:25
68efc02fde2c1760e688d1ae,sensor_3,20.96,56.71,2025-10-15 15:39:27
68efc032de2c1760e688d1af,sensor_2,22.07,52.61,2025-10-15 15:39:30
68efc034de2c1760e688d1b0,sensor_3,21.09,57.71,2025-10-15 15:39:32
68efc036de2c1760e688d1b1,sensor_3,21.28,53.17,2025-10-15 15:39:34
68efc038de2c1760e688d1b2,sensor_1,23.62,65.31,2025-10-15 15:39:36
68efc03ade2c1760e688d1b3,sensor_3,20.95,58.32,2025-10-15 15:39:38
68efc03cde2c1760e688d1b4,sensor_1,24.84,45.99,2025-10-15 15:39:40
68efc03ede2c1760e688d1b5,sensor_1,21.64,52.39,2025-10-15 15:39:42
68efc040de2c1760e688d1b6,sensor_3,20.85,53.62,2025-10-15 15:39:44
68efc042de2c1760e688d1b7,sensor_3,26.84,53.61,2025-10-15 15:39:46
68efc044de2c1760e688d1b8,sensor_1,26.18,46.73,2025-10-15 15:39:48
68efc046de2c1760e688d1b9,sensor_3,23.46,57.18,2025-10-15 15:39:50
68efc048de2c1760e688d1ba,sensor_1,25.05,62.81,2025-10-15 15:39:52
68efc04ade2c1760e688d1bb,sensor_1,25.9,43.71,2025-10-15 15:39:54
68efc04cde2c1760e688d1bc,sensor_2,25.2,42.25,2025-10-15 15:39:56
68efc04ede2c1760e688d1bd,sensor_1,26.07,47.04,2025-10-15 15:39:58
68efc050de2c1760e688d1be,sensor_2,26.93,57.99,2025-10-15 15:40:00
68efc052de2c1760e688d1bf,sensor_1,21.69,41.63,2025-10-15 15:40:02
68efc054de2c1760e688d1c0,sensor_1,23.24,55.52,2025-10-15 15:40:04
68efc056de2c1760e688d1c1,sensor_2,24.58,54.59,2025-10-15 15:40:06
68efc058de2c1760e688d1c2,sensor_1,21.06,55.59,2025-10-15 15:40:08
68efc05ade2c1760e688d1c3,sensor_1,21.62,63.08,2025-10-15 15:40:10
68efc05cde2c1760e688d1c4,sensor_1,20.65,49.48,2025-10-15 15:40:12
68efc05ede2c1760e688d1c5,sensor_2,20.36,62.44,2025-10-15 15:40:14
68efc060de2c1760e688d1c6,sensor_3,22.85,52.52,2025-10-15 15:40:16
68efc062de2c1760e688d1c7,sensor_2,22.71,43.32,2025-10-15 15:40:18
68efc064de2c1760e688d1c8,sensor_1,27.75,63.22,2025-10-15 15:40:20
68efc066de2c1760e688d1c9,sensor_2,27.13,69.15,2025-10-15 15:40:22
68efc068de2c1760e688d1ca,sensor_3,23.91,41.42,2025-10-15 15:40:24
68efc06ade2c1760e688d1cb,sensor_3,20.16,58.22,2025-10-15 15:40:26
68efc06cde2c1760e688d1cc,sensor_1,21.4,63.69,2025-10-15 15:40:28
68efc06ede2c1760e688d1cd,sensor_2,26.03,63.81,2025-10-15 15:40:30
68efc070de2c1760e688d1ce,sensor_1,27.89,44.87,2025-10-15 15:40:32
68efc072de2c1760e688d1cf,sensor_2,24.2,67.03,2025-10-15 15:40:34
68efc074de2c1760e688d1d0,sensor_3,23.88,56.38,2025-10-15 15:40:36
68efc076de2c1760e688d1d1,sensor_2,21.23,56.45,2025-10-15 15:40:38
68efc078de2c1760e688d1d2,sensor_1,25.91,60.09,2025-10-15 15:40:40
68efc07ade2c1760e688d1d3,sensor_3,24.93,47.82,2025-10-15 15:40:42
68efc07cde2c1760e688d1d4,sensor_3,23.04,66.96,2025-10-15 15:40:44
68efc07ede2c1760e688d1d5,sensor_2,22.36,62.75,2025-10-15 15:40:46
68efc080de2c1760e688d1d6,sensor_1,25.71,60.18,2025-10-15 15:40:48
68efc082de2c1760e688d1d7,sensor_3,27.87,62.19,2025-10-15 15:40:50
68efc084de2c1760e688d1d8,sensor_1,26.26,55.66,2025-10-15 15:40:52
68efc086de2c1760e688d1d9,sensor_2,24.9,59.01,2025-10-15 15:40:54
68efc088de2c1760e688d1da,sensor_2,24.38,54.02,2025-10-15 15:40:56
68efc08ade2c1760e688d1db,sensor_3,25.24,54.21,2025-10-15 15:40:58
68efc08cde2c1760e688d1dc,sensor_1,23.64,68.66,2025-10-15 15:41:00
68efc08ede2c1760e688d1dd,sensor_1,20.92,59.01,2025-10-15 15:41:02
68efc090de2c1760e688d1de,sensor_2,23.36,62.98,2025-10-15 15:41:04
68efc092de2c1760e688d1df,sensor_1,23.06,67.84,2025-10-15 15:41:06
68efc094de2c1760e688d1e0,sensor_1,24.05,47.71,2025-10-15 15:41:08
68efc096de2c1760e688d1e1,sensor_1,21.87,62.14,2025-10-15 15:41:10
68efc098de2c1760e688d1e2,sensor_2,26.42,60.19,2025-10-15 15:41:12
68efc09ade2c1760e688d1e3,sensor_2,20.56,58.39,2025-10-15 15:41:14
68efc09cde2c1760e688d1e4,sensor_2,26.18,65.34,2025-10-15 15:41:16
68efc09ede2c1760e688d1e5,sensor_1,26.84,48.41,2025-10-15 15:41:18
68efc0a0de2c1760e688d1e6,sensor_1,26.22,47.55,2025-10-15 15:41:20
68efc0a2de2c1760e688d1e7,sensor_1,20.58,48.83,2025-10-15 15:41:22
68efc0a4de2c1760e688d1e8,sensor_1,20.83,68.56,2025-10-15 15:41:24
68efc0a6de2c1760e688d1e9,sensor_3,27.16,66.87,2025-10-15 15:41:26
68efc0a8de2c1760e688d1ea,sensor_1,26.0,47.26,2025-10-15 15:41:28
68efc0aade2c1760e688d1eb,sensor_1,27.3,40.96,2025-10-15 15:41:30
68efc0acde2c1760e688d1ec,sensor_2,20.62,67.04,2025-10-15 15:41:32
68efc0aede2c1760e688d1ed,sensor_1,21.09,58.37,2025-10-15 15:41:34
68efc0b0de2c1760e688d1ee,sensor_3,20.73,42.4,2025-10-15 15:41:36
68efc0b2de2c1760e688d1ef,sensor_1,27.98,63.67,2025-10-15 15:41:38
68efc0b4de2c1760e688d1f0,sensor_2,23.65,46.6,2025-10-15 15:41:40
68efc0b6de2c1760e688d1f1,sensor_1,26.9,51.26,2025-10-15 15:41:42
68efc0b8de2c1760e688d1f2,sensor_1,21.35,43.45,2025-10-15 15:41:44
68efc0bade2c1760e688d1f3,sensor_3,23.84,49.35,2025-10-15 15:41:46
68efc0bcde2c1760e688d1f4,sensor_3,26.87,63.86,2025-10-15 15:41:48
68efc0bede2c1760e688d1f5,sensor_1,26.39,50.19,2025-10-15 15:41:50
68efc0c0de2c1760e688d1f6,sensor_1,26.34,66.74,2025-10-15 15:41:52
68efc0c2de2c1760e688d1f7,sensor_2,25.3,45.23,2025-10-15 15:41:54
68efc0c4de2c1760e688d1f8,sensor_2,27.55,47.25,2025-10-15 15:41:56
68efc0c6de2c1760e688d1f9,sensor_1,21.93,57.26,2025-10-15 15:41:58
68efc0c8de2c1760e688d1fa,sensor_3,24.34,67.15,2025-10-15 15:42:00
68efc0cade2c1760e688d1fb,sensor_2,25.62,67.24,2025-10-15 15:42:02
68efc0ccde2c1760e688d1fc,sensor_3,27.02,53.37,2025-10-15 15:42:04
68efc0cede2c1760e688d1fd,sensor_3,26.08,66.47,2025-10-15 15:42:06
68efc0d0de2c1760e688d1fe,sensor_2,21.83,59.29,2025-10-15 15:42:08
68efc0d2de2c1760e688d1ff,sensor_3,24.92,61.04,2025-10-15 15:42:10
68efc0d4de2c1760e688d200,sensor_3,22.49,61.51,2025-10-15 15:42:12
68efc0d6de2c1760e688d201,sensor_1,24.5,66.41,2025-10-15 15:42:14
68efc0d8de2c1760e688d202,sensor_1,24.76,68.06,2025-10-15 15:42:16
68efc0dade2c1760e688d203,sensor_3,26.74,55.88,2025-10-15 15:42:18
68efc0dcde2c1760e688d204,sensor_2,24.8,64.16,2025-10-15 15:42:20
68efc0dede2c1760e688d205,sensor_3,22.24,47.34,2025-10-15 15:42:22
68efc0e0de2c1760e688d206,sensor_1,21.26,59.44,2025-10-15 15:42:24
68efc0e2de2c1760e688d207,sensor_1,21.27,44.93,2025-10-15 15:42:26
68efc0e4de2c1760e688d208,sensor_1,26.37,41.85,2025-10-15 15:42:28
68efc0e6de2c1760e688d209,sensor_3,21.23,67.62,2025-10-15 15:42:30
68efc0e8de2c1760e688d20a,sensor_1,26.53,51.87,2025-10-15 15:42:32
68efc0eade2c1760e688d20b,sensor_1,23.9,52.53,2025-10-15 15:42:34
68efc0ecde2c1760e688d20c,sensor_2,22.88,44.82,2025-10-15 15:42:36
68efc0eede2c1760e688d20d,sensor_1,22.39,57.85,2025-10-15 15:42:38
68efc0f0de2c1760e688d20e,sensor_3,25.07,53.96,2025-10-15 15:42:40
68efc0f2de2c1760e688d20f,sensor_3,25.11,44.42,2025-10-15 15:42:42
68efc0f4de2c1760e688d210,sensor_2,21.09,62.83,2025-10-15 15:42:44
68efc0f6de2c1760e688d211,sensor_1,24.57,51.94,2025-10-15 15:42:46
68efc0f8de2c1760e688d212,sensor_2,27.45,44.11,2025-10-15 15:42:48
68efc0fade2c1760e688d213,sensor_2,25.52,42.8,2025-10-15 15:42:50
68efc0fcde2c1760e688d214,sensor_2,24.4,63.45,2025-10-15 15:42:52
68efc0fede2c1760e688d215,sensor_1,27.05,63.34,2025-10-15 15:42:54
68efc100de2c1760e688d216,sensor_2,25.82,46.62,2025-10-15 15:42:56
68efc102de2c1760e688d217,sensor_2,25.49,43.65,2025-10-15 15:42:58
68efc104de2c1760e688d218,sensor_1,24.65,66.22,2025-10-15 15:43:00
68efc106de2c1760e688d219,sensor_1,25.87,60.84,2025-10-15 15:43:02
68efc108de2c1760e688d21a,sensor_2,23.92,52.9,2025-10-15 15:43:04
68efc10ade2c1760e688d21b,sensor_3,25.51,57.84,2025-10-15 15:43:06
68efc10cde2c1760e688d21c,sensor_3,24.96,63.96,2025-10-15 15:43:08
68efc10ede2c1760e688d21d,sensor_2,26.78,52.33,2025-10-15 15:43:10
68efc110de2c1760e688d21e,sensor_3,20.72,59.37,2025-10-15 15:43:12
68efc112de2c1760e688d21f,sensor_3,21.43,66.87,2025-10-15 15:43:14
68efc114de2c1760e688d220,sensor_2,21.3,45.49,2025-10-15 15:43:16
68efc116de2c1760e688d221,sensor_2,23.61,46.91,2025-10-15 15:43:18
68efc118de2c1760e688d222,sensor_1,27.45,53.07,2025-10-15 15:43:20
68efc11ade2c1760e688d223,sensor_3,25.77,48.34,2025-10-15 15:43:22
68efc11cde2c1760e688d224,sensor_3,21.57,59.44,2025-10-15 15:43:24
68efc11ede2c1760e688d225,sensor_1,26.59,49.32,2025-10-15 15:43:26
68efc120de2c1760e688d226,sensor_3,26.58,41.04,2025-10-15 15:43:28
68efc122de2c1760e688d227,sensor_3,23.51,53.73,2025-10-15 15:43:30
68efc124de2c1760e688d228,sensor_1,23.54,58.98,2025-10-15 15:43:32
68efc126de2c1760e688d229,sensor_2,25.83,69.8,2025-10-15 15:43:34
68efc128de2c1760e688d22a,sensor_2,21.74,67.12,2025-10-15 15:43:36
68efc12ade2c1760e688d22b,sensor_1,27.25,44.9,2025-10-15 15:43:38
68efc12cde2c1760e688d22c,sensor_3,27.49,45.69,2025-10-15 15:43:40
68efc12ede2c1760e688d22d,sensor_1,24.39,54.65,2025-10-15 15:43:42
68efc130de2c1760e688d22e,sensor_1,22.73,54.36,2025-10-15 15:43:44
68efc132de2c1760e688d22f,sensor_2,25.94,49.87,2025-10-15 15:43:46
68efc134de2c1760e688d230,sensor_2,27.51,65.29,2025-10-15 15:43:48
68efc136de2c1760e688d231,sensor_3,21.96,42.19,2025-10-15 15:43:50
68efc138de2c1760e688d232,sensor_3,27.41,44.32,2025-10-15 15:43:52
68efc13ade2c1760e688d233,sensor_1,26.8,60.84,2025-10-15 15:43:54
68efc13cde2c1760e688d234,sensor_1,21.88,55.59,2025-10-15 15:43:56
68efc13ede2c1760e688d235,sensor_3,24.08,59.28,2025-10-15 15:43:58
68efc140de2c1760e688d236,sensor_2,26.93,59.71,2025-10-15 15:44:00
68efc142de2c1760e688d237,sensor_1,20.52,61.34,2025-10-15 15:44:02
68efc144de2c1760e688d238,sensor_3,23.79,44.3,2025-10-15 15:44:04
68efc146de2c1760e688d239,sensor_2,26.71,68.27,2025-10-15 15:44:06
68efc148de2c1760e688d23a,sensor_2,25.29,63.66,2025-10-15 15:44:08
68efc14ade2c1760e688d23b,sensor_3,23.88,49.32,2025-10-15 15:44:10
68efc14cde2c1760e688d23c,sensor_2,23.44,68.71,2025-10-15 15:44:12
68efc14ede2c1760e688d23d,sensor_1,22.35,45.12,2025-10-15 15:44:14
68efc150de2c1760e688d23e,sensor_2,25.09,66.55,2025-10-15 15:44:16
68efc152de2c1760e688d23f,sensor_1,25.43,64.37,2025-10-15 15:44:18
68efc154de2c1760e688d240,sensor_1,20.11,56.71,2025-10-15 15:44:20
68efc156de2c1760e688d241,sensor_2,22.43,54.31,2025-10-15 15:44:22
68efc158de2c1760e688d242,sensor_1,22.66,62.22,2025-10-15 15:44:24
68efc15ade2c1760e688d243,sensor_2,22.7,45.47,2025-10-15 15:44:26
68efc15cde2c1760e688d244,sensor_2,25.5,57.06,2025-10-15 15:44:28
68efc15ede2c1760e688d245,sensor_2,22.07,58.35,2025-10-15 15:44:30
68efc160de2c1760e688d246,sensor_3,20.71,43.57,2025-10-15 15:44:32
68efc162de2c1760e688d247,sensor_2,24.88,57.88,2025-10-15 15:44:34
68efc164de2c1760e688d248,sensor_3,24.86,48.97,2025-10-15 15:44:36
68efc166de2c1760e688d249,sensor_1,21.14,44.36,2025-10-15 15:44:38
68efc168de2c1760e688d24a,sensor_2,21.61,67.16,2025-10-15 15:44:40
68efc16ade2c1760e688d24b,sensor_1,24.41,46.43,2025-10-15 15:44:42
68efc16cde2c1760e688d24c,sensor_1,21.17,46.0,2025-10-15 15:44:44
68efc16ede2c1760e688d24d,sensor_2,26.83,61.95,2025-10-15 15:44:46
68efc170de2c1760e688d24e,sensor_3,25.71,40.41,2025-10-15 15:44:48
68efc172de2c1760e688d24f,sensor_1,20.47,60.29,2025-10-15 15:44:50
68efc174de2c1760e688d250,sensor_1,21.51,56.0,2025-10-15 15:44:52
68efc176de2c1760e688d251,sensor_3,20.63,58.6,2025-10-15 15:44:54
68efc178de2c1760e688d252,sensor_1,23.31,66.85,2025-10-15 15:44:56
68efc17ade2c1760e688d253,sensor_3,27.62,51.45,2025-10-15 15:44:58
68efc17cde2c1760e688d254,sensor_2,21.86,67.96,2025-10-15 15:45:00
68efc17ede2c1760e688d255,sensor_2,25.66,69.43,2025-10-15 15:45:02
68efc180de2c1760e688d256,sensor_3,27.06,41.65,2025-10-15 15:45:04
68efc182de2c1760e688d257,sensor_1,27.85,65.24,2025-10-15 15:45:06
68efc184de2c1760e688d258,sensor_3,21.17,43.19,2025-10-15 15:45:08
68efc186de2c1760e688d259,sensor_3,24.35,68.42,2025-10-15 15:45:10
68efc188de2c1760e688d25a,sensor_3,22.32,51.9,2025-10-15 15:45:12
68efc18ade2c1760e688d25b,sensor_2,21.43,57.93,2025-10-15 15:45:14
68efc18cde2c1760e688d25c,sensor_1,26.71,61.73,2025-10-15 15:45:16
68efc18ede2c1760e688d25d,sensor_1,23.74,63.7,2025-10-15 15:45:18
68efc190de2c1760e688d25e,sensor_2,22.22,65.41,2025-10-15 15:45:20
68efc192de2c1760e688d25f,sensor_1,25.3,69.42,2025-10-15 15:45:22
68efc194de2c1760e688d260,sensor_1,21.62,55.7,2025-10-15 15:45:24
68efc196de2c1760e688d261,sensor_1,21.6,53.51,2025-10-15 15:45:26
68efc198de2c1760e688d262,sensor_1,25.17,67.98,2025-10-15 15:45:28
68efc19ade2c1760e688d263,sensor_3,25.19,45.44,2025-10-15 15:45:30
68efc19cde2c1760e688d264,sensor_2,25.42,61.03,2025-10-15 15:45:32
68efc19ede2c1760e688d265,sensor_1,22.06,43.8,2025-10-15 15:45:34
68efc1a0de2c1760e688d266,sensor_3,24.88,55.94,2025-10-15 15:45:36
68efc1a2de2c1760e688d267,sensor_2,24.29,64.13,2025-10-15 15:45:38
68efc1a4de2c1760e688d268,sensor_1,20.07,51.63,2025-10-15 15:45:40
68efc1a6de2c1760e688d269,sensor_2,26.24,67.63,2025-10-15 15:45:42
68efc1a8de2c1760e688d26a,sensor_3,22.85,45.18,2025-10-15 15:45:44
68efc1aade2c1760e688d26b,sensor_3,26.31,41.38,2025-10-15 15:45:46
68efc1acde2c1760e688d26c,sensor_3,23.37,53.91,2025-10-15 15:45:48
68efc1aede2c1760e688d26d,sensor_3,25.29,63.1,2025-10-15 15:45:50
68efc1b0de2c1760e688d26e,sensor_2,27.82,69.27,2025-10-15 15:45:52
68efc1b2de2c1760e688d26f,sensor_2,22.04,63.98,2025-10-15 15:45:54
68efc1b4de2c1760e688d270,sensor_2,27.06,41.91,2025-10-15 15:45:56
68efc1b6de2c1760e688d271,sensor_3,23.93,41.3,2025-10-15 15:45:58
68efc1b8de2c1760e688d272,sensor_1,21.67,67.73,2025-10-15 15:46:00
68efc1bade2c1760e688d273,sensor_3,20.42,46.04,2025-10-15 15:46:02
68efc1bcde2c1760e688d274,sensor_3,25.13,54.31,2025-10-15 15:46:04
68efc1bede2c1760e688d275,sensor_1,25.65,52.56,2025-10-15 15:46:06
68efc1c0de2c1760e688d276,sensor_2,20.1,64.57,2025-10-15 15:46:08
68efc1c2de2c1760e688d277,sensor_1,21.56,54.58,2025-10-15 15:46:10
68efc1c4de2c1760e688d278,sensor_1,23.51,40.16,2025-10-15 15:46:12
68efc1c6de2c1760e688d279,sensor_1,20.55,43.87,2025-10-15 15:46:14
68efc1c8de2c1760e688d27a,sensor_2,27.27,63.73,2025-10-15 15:46:16
68efc1cade2c1760e688d27b,sensor_2,23.74,49.79,2025-10-15 15:46:18
68efc1ccde2c1760e688d27c,sensor_1,24.71,56.98,2025-10-15 15:46:20
68efc1cede2c1760e688d27d,sensor_3,20.34,55.94,2025-10-15 15:46:22
68efc1d0de2c1760e688d27e,sensor_3,27.02,56.92,2025-10-15 15:46:24
68efc1d2de2c1760e688d27f,sensor_2,20.26,41.43,2025-10-15 15:46:26
68efc1d4de2c1760e688d280,sensor_1,26.74,41.42,2025-10-15 15:46:28
68efc1d6de2c1760e688d281,sensor_2,23.4,59.59,2025-10-15 15:46:30
68efc1d8de2c1760e688d282,sensor_3,22.72,49.79,2025-10-15 15:46:32
68efc1dade2c1760e688d283,sensor_3,22.96,45.46,2025-10-15 15:46:34
68efc1dcde2c1760e688d284,sensor_3,27.06,68.44,2025-10-15 15:46:36
68efc1dede2c1760e688d285,sensor_1,27.82,49.63,2025-10-15 15:46:38
68efc1e0de2c1760e688d286,sensor_3,27.21,49.39,2025-10-15 15:46:40
68efc1e2de2c1760e688d287,sensor_1,27.17,45.54,2025-10-15 15:46:42
68efc1e4de2c1760e688d288,sensor_1,26.21,42.35,2025-10-15 15:46:44
68efc1e6de2c1760e688d289,sensor_2,21.86,52.76,2025-10-15 15:46:46
68efc1e8de2c1760e688d28a,sensor_3,25.46,53.4,2025-10-15 15:46:48
68efc1eade2c1760e688d28b,sensor_1,27.58,60.73,2025-10-15 15:46:50
68efc1ecde2c1760e688d28c,sensor_3,27.48,57.69,2025-10-15 15:46:52
68efc1eede2c1760e688d28d,sensor_2,26.41,67.97,2025-10-15 15:46:54
68efc1f0de2c1760e688d28e,sensor_3,22.23,66.87,2025-10-15 15:46:56
68efc1f2de2c1760e688d28f,sensor_1,20.26,68.24,2025-10-15 15:46:58
68efc1f4de2c1760e688d290,sensor_3,26.91,55.25,2025-10-15 15:47:00
68efc1f6de2c1760e688d291,sensor_3,26.09,53.42,2025-10-15 15:47:02
68efc1f8de2c1760e688d292,sensor_2,23.61,52.64,2025-10-15 15:47:04
68efc1fade2c1760e688d293,sensor_1,21.34,54.04,2025-10-15 15:47:06
68efc1fcde2c1760e688d294,sensor_1,22.67,56.89,2025-10-15 15:47:08
68efc1fede2c1760e688d295,sensor_1,22.23,62.36,2025-10-15 15:47:10
68efc200de2c1760e688d296,sensor_1,25.94,45.7,2025-10-15 15:47:12
68efc202de2c1760e688d297,sensor_2,25.72,52.43,2025-10-15 15:47:14
68efc204de2c1760e688d298,sensor_3,23.72,56.38,2025-10-15 15:47:16
68efc206de2c1760e688d299,sensor_2,22.72,60.61,2025-10-15 15:47:18
68efc208de2c1760e688d29a,sensor_2,24.82,41.47,2025-10-15 15:47:20
68efc20ade2c1760e688d29b,sensor_3,22.26,53.07,2025-10-15 15:47:22
68efc20cde2c1760e688d29c,sensor_1,26.78,56.47,2025-10-15 15:47:24
68efc20ede2c1760e688d29d,sensor_1,26.21,42.03,2025-10-15 15:47:26
68efc210de2c1760e688d29e,sensor_3,26.37,41.2,2025-10-15 15:47:28
68efc212de2c1760e688d29f,sensor_1,21.71,68.0,2025-10-15 15:47:30
68efc214de2c1760e688d2a0,sensor_1,24.29,57.9,2025-10-15 15:47:32
68efc216de2c1760e688d2a1,sensor_3,22.0,60.27,2025-10-15 15:47:34
68efc218de2c1760e688d2a2,sensor_2,22.35,47.69,2025-10-15 15:47:36
68efc21ade2c1760e688d2a3,sensor_2,27.39,51.56,2025-10-15 15:47:38
68efc21cde2c1760e688d2a4,sensor_3,24.56,60.96,2025-10-15 15:47:40
68efc21ede2c1760e688d2a5,sensor_3,24.55,67.85,2025-10-15 15:47:42
68efc220de2c1760e688d2a6,sensor_3,23.06,43.08,2025-10-15 15:47:44
68efc222de2c1760e688d2a7,sensor_2,27.4,63.95,2025-10-15 15:47:46
68efc224de2c1760e688d2a8,sensor_2,20.81,69.03,2025-10-15 15:47:48
68efc226de2c1760e688d2a9,sensor_1,22.98,46.99,2025-10-15 15:47:50
68efc228de2c1760e688d2aa,sensor_1,27.38,63.15,2025-10-15 15:47:52
68efc22ade2c1760e688d2ab,sensor_3,27.68,65.21,2025-10-15 15:47:54
68efc22cde2c1760e688d2ac,sensor_2,26.0,62.95,2025-10-15 15:47:56
68efc22ede2c1760e688d2ad,sensor_3,27.91,61.12,2025-10-15 15:47:58
68efc230de2c1760e688d2ae,sensor_3,27.65,64.67,2025-10-15 15:48:00
68efc232de2c1760e688d2af,sensor_3,21.39,57.29,2025-10-15 15:48:02
68efc234de2c1760e688d2b0,sensor_3,21.66,58.11,2025-10-15 15:48:04
68efc236de2c1760e688d2b1,sensor_2,23.56,53.77,2025-10-15 15:48:06
68efc238de2c1760e688d2b2,sensor_2,27.31,56.02,2025-10-15 15:48:08
68efc23ade2c1760e688d2b3,sensor_2,21.36,64.64,2025-10-15 15:48:10
68efc23cde2c1760e688d2b4,sensor_3,26.58,66.45,2025-10-15 15:48:12
68efc23ede2c1760e688d2b5,sensor_1,25.26,60.14,2025-10-15 15:48:14
68efc240de2c1760e688d2b6,sensor_3,26.22,65.25,2025-10-15 15:48:16
68efc242de2c1760e688d2b7,sensor_2,21.1,57.28,2025-10-15 15:48:18
68efc244de2c1760e688d2b8,sensor_1,26.34,52.61,2025-10-15 15:48:20
68efc246de2c1760e688d2b9,sensor_2,25.44,54.21,2025-10-15 15:48:22
68efc248de2c1760e688d2ba,sensor_3,24.48,51.35,2025-10-15 15:48:24
68efc24ade2c1760e688d2bb,sensor_3,26.1,45.3,2025-10-15 15:48:26
68efc24cde2c1760e688d2bc,sensor_1,23.42,68.76,2025-10-15 15:48:28
68efc24ede2c1760e688d2bd,sensor_2,25.93,67.21,2025-10-15 15:48:30
68efc250de2c1760e688d2be,sensor_2,23.52,57.93,2025-10-15 15:48:32
68efc252de2c1760e688d2bf,sensor_1,24.62,46.55,2025-10-15 15:48:34
68efc254de2c1760e688d2c0,sensor_3,25.08,65.37,2025-10-15 15:48:36
68efc256de2c1760e688d2c1,sensor_2,28.0,53.84,2025-10-15 15:48:38
68efc258de2c1760e688d2c2,sensor_1,27.48,53.12,2025-10-15 15:48:40
68efc25ade2c1760e688d2c3,sensor_1,25.17,53.01,2025-10-15 15:48:42
68efc25cde2c1760e688d2c4,sensor_3,20.37,54.3,2025-10-15 15:48:44
68efc25ede2c1760e688d2c5,sensor_2,27.5,46.73,2025-10-15 15:48:46
68efc260de2c1760e688d2c6,sensor_3,25.3,43.88,2025-10-15 15:48:48
68efc262de2c1760e688d2c7,sensor_3,20.63,59.35,2025-10-15 15:48:50
68efc264de2c1760e688d2c8,sensor_1,20.69,45.13,2025-10-15 15:48:52
68efc266de2c1760e688d2c9,sensor_2,20.22,41.53,2025-10-15 15:48:54
68efc268de2c1760e688d2ca,sensor_1,21.06,54.85,2025-10-15 15:48:56
68efc26ade2c1760e688d2cb,sensor_1,24.24,50.3,2025-10-15 15:48:58
68efc26cde2c1760e688d2cc,sensor_3,24.7,40.35,2025-10-15 15:49:00
68efc26ede2c1760e688d2cd,sensor_2,25.65,68.69,2025-10-15 15:49:02
68efc270de2c1760e688d2ce,sensor_3,21.85,65.14,2025-10-15 15:49:04
68efc272de2c1760e688d2cf,sensor_3,25.84,40.97,2025-10-15 15:49:06
68efc274de2c1760e688d2d0,sensor_3,20.93,44.14,2025-10-15 15:49:08
68efc276de2c1760e688d2d1,sensor_3,20.47,52.62,2025-10-15 15:49:10
68efc278de2c1760e688d2d2,sensor_1,23.48,61.47,2025-10-15 15:49:12
68efc27ade2c1760e688d2d3,sensor_3,26.57,53.68,2025-10-15 15:49:14
68efc27cde2c1760e688d2d4,sensor_1,20.51,55.53,2025-10-15 15:49:16
68efc27ede2c1760e688d2d5,sensor_1,22.6,66.58,2025-10-15 15:49:18
68efc280de2c1760e688d2d6,sensor_1,22.32,60.52,2025-10-15 15:49:20
68efc282de2c1760e688d2d7,sensor_1,23.3,69.39,2025-10-15 15:49:22
68efc284de2c1760e688d2d8,sensor_2,25.55,63.87,2025-10-15 15:49:24
68efc286de2c1760e688d2d9,sensor_3,22.02,56.92,2025-10-15 15:49:26
68efc288de2c1760e688d2da,sensor_2,25.67,66.03,2025-10-15 15:49:28
68efc28ade2c1760e688d2db,sensor_2,23.75,41.78,2025-10-15 15:49:30
68efc28cde2c1760e688d2dc,sensor_3,23.91,64.25,2025-10-15 15:49:32
68efc28ede2c1760e688d2dd,sensor_3,21.58,64.93,2025-10-15 15:49:34
68efc290de2c1760e688d2de,sensor_3,24.7,41.25,2025-10-15 15:49:36
68efc292de2c1760e688d2df,sensor_1,22.47,59.55,2025-10-15 15:49:38
68efc294de2c1760e688d2e0,sensor_3,25.68,41.39,2025-10-15 15:49:40
68efc296de2c1760e688d2e1,sensor_1,24.05,47.46,2025-10-15 15:49:42
68efc298de2c1760e688d2e2,sensor_1,22.74,69.66,2025-10-15 15:49:44
68efc29ade2c1760e688d2e3,sensor_3,26.78,52.56,2025-10-15 15:49:46
68efc29cde2c1760e688d2e4,sensor_1,20.37,51.05,2025-10-15 15:49:48
68efc29ede2c1760e688d2e5,sensor_2,20.41,41.07,2025-10-15 15:49:50
68efc2a0de2c1760e688d2e6,sensor_2,25.53,49.78,2025-10-15 15:49:52
68efc2a2de2c1760e688d2e7,sensor_3,27.59,40.42,2025-10-15 15:49:54
68efc2a4de2c1760e688d2e8,sensor_2,21.62,63.52,2025-10-15 15:49:56
68efc2a6de2c1760e688d2e9,sensor_1,24.83,42.07,2025-10-15 15:49:58
68efc2a8de2c1760e688d2ea,sensor_1,27.57,56.03,2025-10-15 15:50:00
68efc2aade2c1760e688d2eb,sensor_1,27.15,58.74,2025-10-15 15:50:02
68efc2acde2c1760e688d2ec,sensor_3,24.67,52.81,2025-10-15 15:50:04
68efc2aede2c1760e688d2ed,sensor_1,22.51,59.63,2025-10-15 15:50:06
68efc2b0de2c1760e688d2ee,sensor_2,27.24,54.23,2025-10-15 15:50:08
68efc2b2de2c1760e688d2ef,sensor_1,26.72,46.13,2025-10-15 15:50:10
68efc2b4de2c1760e688d2f0,sensor_1,20.21,47.19,2025-10-15 15:50:12
68efc2b6de2c1760e688d2f1,sensor_3,23.47,69.13,2025-10-15 15:50:14
68efc2b8de2c1760e688d2f2,sensor_3,21.49,67.08,2025-10-15 15:50:16
68efc2bade2c1760e688d2f3,sensor_3,25.39,44.95,2025-10-15 15:50:18
68efc2bcde2c1760e688d2f4,sensor_1,26.41,43.21,2025-10-15 15:50:20
68efc2bede2c1760e688d2f5,sensor_3,21.16,61.04,2025-10-15 15:50:22
68efc2c0de2c1760e688d2f6,sensor_3,21.7,63.24,2025-10-15 15:50:24
68efc2c2de2c1760e688d2f7,sensor_2,21.49,67.31,2025-10-15 15:50:26
68efc2c4de2c1760e688d2f8,sensor_3,25.25,47.64,2025-10-15 15:50:28
68efc2c6de2c1760e688d2f9,sensor_2,22.59,61.42,2025-10-15 15:50:30
68efc2c8de2c1760e688d2fa,sensor_1,20.31,40.39,2025-10-15 15:50:32
68efc2cade2c1760e688d2fb,sensor_3,22.64,52.3,2025-10-15 15:50:34
68efc2ccde2c1760e688d2fc,sensor_2,25.94,66.43,2025-10-15 15:50:36
68efc2cede2c1760e688d2fd,sensor_1,24.97,49.21,2025-10-15 15:50:38
68efc2d0de2c1760e688d2fe,sensor_2,20.73,58.91,2025-10-15 15:50:40
68efc2d2de2c1760e688d2ff,sensor_3,20.58,59.12,2025-10-15 15:50:42
68efc2d4de2c1760e688d300,sensor_1,21.07,48.0,2025-10-15 15:50:44
68efc2d6de2c1760e688d301,sensor_3,23.9,40.82,2025-10-15 15:50:46
68efc2d8de2c1760e688d302,sensor_1,22.62,60.3,2025-10-15 15:50:48
68efc2dade2c1760e688d303,sensor_1,22.89,55.61,2025-10-15 15:50:50
68efc2dcde2c1760e688d304,sensor_2,24.2,65.75,2025-10-15 15:50:52
68efc2dede2c1760e688d305,sensor_1,20.76,54.08,2025-10-15 15:50:54
68efc2e0de2c1760e688d306,sensor_2,22.36,58.89,2025-10-15 15:50:56
68efc2e2de2c1760e688d307,sensor_2,22.11,57.74,2025-10-15 15:50:58
68efc2e4de2c1760e688d308,sensor_2,25.79,57.7,2025-10-15 15:51:00
68efc2e6de2c1760e688d309,sensor_2,25.77,56.97,2025-10-15 15:51:02
68efc2e8de2c1760e688d30a,sensor_1,23.16,53.8,2025-10-15 15:51:04
68efc2eade2c1760e688d30b,sensor_2,20.49,53.22,2025-10-15 15:51:06
68efc2ecde2c1760e688d30c,sensor_3,22.86,40.03,2025-10-15 15:51:08
68efc2eede2c1760e688d30d,sensor_3,27.46,44.24,2025-10-15 15:51:10
68efc2f0de2c1760e688d30e,sensor_3,23.76,44.89,2025-10-15 15:51:12
68efc2f2de2c1760e688d30f,sensor_2,21.78,54.28,2025-10-15 15:51:14
68efc2f4de2c1760e688d310,sensor_2,20.55,52.77,2025-10-15 15:51:16
68efc2f6de2c1760e688d311,sensor_2,20.65,45.96,2025-10-15 15:51:18
68efc2f8de2c1760e688d312,sensor_1,26.02,64.76,2025-10-15 15:51:20
68efc2fade2c1760e688d313,sensor_3,26.69,59.6,2025-10-15 15:51:22
68efc2fcde2c1760e688d314,sensor_2,26.59,52.83,2025-10-15 15:51:24
68efc2fede2c1760e688d315,sensor_1,27.34,65.94,2025-10-15 15:51:26
68efc300de2c1760e688d316,sensor_3,26.85,67.29,2025-10-15 15:51:28
68efc302de2c1760e688d317,sensor_3,25.06,61.81,2025-10-15 15:51:30
68efc304de2c1760e688d318,sensor_1,20.32,59.1,2025-10-15 15:51:32
68efc306de2c1760e688d319,sensor_3,21.71,47.04,2025-10-15 15:51:34
68efc308de2c1760e688d31a,sensor_2,23.19,40.81,2025-10-15 15:51:36
68efc30ade2c1760e688d31b,sensor_3,22.68,60.28,2025-10-15 15:51:38
68efc30cde2c1760e688d31c,sensor_3,23.83,62.12,2025-10-15 15:51:40
68efc30ede2c1760e688d31d,sensor_2,23.49,40.89,2025-10-15 15:51:42
68efc310de2c1760e688d31e,sensor_3,27.04,51.19,2025-10-15 15:51:44
68efc312de2c1760e688d31f,sensor_3,24.03,48.49,2025-10-15 15:51:46
68efc314de2c1760e688d320,sensor_2,27.98,40.48,2025-10-15 15:51:48
68efc316de2c1760e688d321,sensor_2,25.21,42.52,2025-10-15 15:51:50
68efc318de2c1760e688d322,sensor_2,27.1,49.43,2025-10-15 15:51:52
68efc31ade2c1760e688d323,sensor_3,24.65,69.53,2025-10-15 15:51:54
68efc31cde2c1760e688d324,sensor_1,21.16,46.52,2025-10-15 15:51:56
68efc31ede2c1760e688d325,sensor_2,20.19,61.75,2025-10-15 15:51:58
68efc320de2c1760e688d326,sensor_3,27.98,62.5,2025-10-15 15:52:00
68efc322de2c1760e688d327,sensor_3,23.23,62.38,2025-10-15 15:52:02
68efc324de2c1760e688d328,sensor_3,22.92,41.64,2025-10-15 15:52:04
68efc326de2c1760e688d329,sensor_3,21.86,46.34,2025-10-15 15:52:06
68efc328de2c1760e688d32a,sensor_3,27.83,40.02,2025-10-15 15:52:08
68efc32ade2c1760e688d32b,sensor_2,21.86,61.96,2025-10-15 15:52:10
68efc32cde2c1760e688d32c,sensor_3,23.95,54.55,2025-10-15 15:52:12
68efc32ede2c1760e688d32d,sensor_1,23.39,42.15,2025-10-15 15:52:14
68efc330de2c1760e688d32e,sensor_1,27.02,67.02,2025-10-15 15:52:16
68efc332de2c1760e688d32f,sensor_2,21.73,61.3,2025-10-15 15:52:18
68efc334de2c1760e688d330,sensor_3,25.35,42.57,2025-10-15 15:52:20
68efc336de2c1760e688d331,sensor_1,21.85,55.57,2025-10-15 15:52:22
68efc338de2c1760e688d332,sensor_1,27.89,49.72,2025-10-15 15:52:24
68efc33ade2c1760e688d333,sensor_2,25.82,47.09,2025-10-15 15:52:26
68efc33cde2c1760e688d334,sensor_3,24.84,50.96,2025-10-15 15:52:28
68efc33ede2c1760e688d335,sensor_2,24.83,65.77,2025-10-15 15:52:30
68efc340de2c1760e688d336,sensor_2,27.37,56.97,2025-10-15 15:52:32
68efc342de2c1760e688d337,sensor_2,20.88,66.76,2025-10-15 15:52:34
68efc344de2c1760e688d338,sensor_3,23.7,41.71,2025-10-15 15:52:36
68efc346de2c1760e688d339,sensor_3,22.05,46.59,2025-10-15 15:52:38
68efc348de2c1760e688d33a,sensor_2,21.24,64.1,2025-10-15 15:52:40
68efc34ade2c1760e688d33b,sensor_2,24.13,48.2,2025-10-15 15:52:42
68efc34cde2c1760e688d33c,sensor_3,23.57,69.65,2025-10-15 15:52:44
68efc34ede2c1760e688d33d,sensor_3,26.48,51.32,2025-10-15 15:52:46
68efc350de2c1760e688d33e,sensor_1,21.55,43.71,2025-10-15 15:52:48
68efc352de2c1760e688d33f,sensor_1,20.43,50.48,2025-10-15 15:52:50
68efc354de2c1760e688d340,sensor_3,27.86,47.66,2025-10-15 15:52:52
68efc356de2c1760e688d341,sensor_2,26.8,66.36,2025-10-15 15:52:54
68efc358de2c1760e688d342,sensor_1,22.47,54.13,2025-10-15 15:52:56
68efc35ade2c1760e688d343,sensor_3,25.01,66.92,2025-10-15 15:52:58
68efc35cde2c1760e688d344,sensor_1,22.63,40.27,2025-10-15 15:53:00
68efc35ede2c1760e688d345,sensor_2,26.02,49.8,2025-10-15 15:53:02
68efc360de2c1760e688d346,sensor_3,23.0,47.4,2025-10-15 15:53:04
68efc362de2c1760e688d347,sensor_3,27.01,52.97,2025-10-15 15:53:06
68efc364de2c1760e688d348,sensor_2,25.94,51.61,2025-10-15 15:53:08
68efc366de2c1760e688d349,sensor_3,21.88,41.41,2025-10-15 15:53:10
68efc368de2c1760e688d34a,sensor_1,24.43,60.8,2025-10-15 15:53:12
68efc36ade2c1760e688d34b,sensor_2,20.92,63.8,2025-10-15 15:53:14
68efc36cde2c1760e688d34c,sensor_1,23.31,57.9,2025-10-15 15:53:16
68efc36ede2c1760e688d34d,sensor_1,25.71,65.86,2025-10-15 15:53:18
68efc370de2c1760e688d34e,sensor_2,22.34,56.81,2025-10-15 15:53:20
68efc372de2c1760e688d34f,sensor_2,25.61,54.58,2025-10-15 15:53:22
68efc374de2c1760e688d350,sensor_3,24.29,40.07,2025-10-15 15:53:24
68efc376de2c1760e688d351,sensor_2,26.8,66.55,2025-10-15 15:53:26
68efc378de2c1760e688d352,sensor_3,24.36,61.78,2025-10-15 15:53:28
68efc37ade2c1760e688d353,sensor_1,23.96,62.22,2025-10-15 15:53:30
68efc37cde2c1760e688d354,sensor_2,20.41,49.95,2025-10-15 15:53:32
68efc37ede2c1760e688d355,sensor_1,27.86,55.78,2025-10-15 15:53:34
68efc380de2c1760e688d356,sensor_3,27.6,53.11,2025-10-15 15:53:36
68efc382de2c1760e688d357,sensor_1,20.06,49.86,2025-10-15 15:53:38
68efc384de2c1760e688d358,sensor_2,21.52,61.02,2025-10-15 15:53:40
68efc386de2c1760e688d359,sensor_3,25.58,40.01,2025-10-15 15:53:42
68efc388de2c1760e688d35a,sensor_1,23.64,61.16,2025-10-15 15:53:44
68efc38ade2c1760e688d35b,sensor_1,21.17,59.36,2025-10-15 15:53:46
68efc38cde2c1760e688d35c,sensor_1,21.1,56.78,2025-10-15 15:53:48
68efc38ede2c1760e688d35d,sensor_3,25.08,58.21,2025-10-15 15:53:50
68efc390de2c1760e688d35e,sensor_2,24.6,64.88,2025-10-15 15:53:52
68efc392de2c1760e688d35f,sensor_2,27.41,50.76,2025-10-15 15:53:54
68efc394de2c1760e688d360,sensor_3,20.68,55.19,2025-10-15 15:53:56
68efc396de2c1760e688d361,sensor_1,25.36,64.8,2025-10-15 15:53:58
68efc398de2c1760e688d362,sensor_3,20.05,53.68,2025-10-15 15:54:00
68efc39ade2c1760e688d363,sensor_2,22.02,53.72,2025-10-15 15:54:02
68efc39cde2c1760e688d364,sensor_1,27.29,56.62,2025-10-15 15:54:04
68efc39ede2c1760e688d365,sensor_2,26.58,63.44,2025-10-15 15:54:06
68efc3a0de2c1760e688d366,sensor_3,25.96,54.63,2025-10-15 15:54:08
68efc3a2de2c1760e688d367,sensor_1,26.82,63.79,2025-10-15 15:54:10
68efc3a4de2c1760e688d368,sensor_3,24.51,41.05,2025-10-15 15:54:12
68efc3a6de2c1760e688d369,sensor_1,25.61,67.23,2025-10-15 15:54:14
68efc3a8de2c1760e688d36a,sensor_2,20.68,43.9,2025-10-15 15:54:16
68efc3aade2c1760e688d36b,sensor_3,22.58,40.04,2025-10-15 15:54:18
68efc3acde2c1760e688d36c,sensor_3,23.23,40.63,2025-10-15 15:54:20
68efc3aede2c1760e688d36d,sensor_2,21.14,40.08,2025-10-15 15:54:22
68efc3b0de2c1760e688d36e,sensor_2,23.12,44.39,2025-10-15 15:54:24
68efc3b2de2c1760e688d36f,sensor_3,20.81,40.94,2025-10-15 15:54:26
68efc3b4de2c1760e688d370,sensor_1,24.49,66.41,2025-10-15 15:54:28
68efc3b6de2c1760e688d371,sensor_1,24.87,48.95,2025-10-15 15:54:30
68efc3b8de2c1760e688d372,sensor_2,27.42,44.4,2025-10-15 15:54:32
68efc3bade2c1760e688d373,sensor_2,20.47,62.78,2025-10-15 15:54:34
68efc3bcde2c1760e688d374,sensor_1,24.58,66.62,2025-10-15 15:54:36
68efc3bede2c1760e688d375,sensor_1,25.54,41.98,2025-10-15 15:54:38
68efc3c0de2c1760e688d376,sensor_2,24.55,50.26,2025-10-15 15:54:40
68efc3c2de2c1760e688d377,sensor_2,23.01,64.62,2025-10-15 15:54:42
68efc3c4de2c1760e688d378,sensor_2,25.56,46.46,2025-10-15 15:54:44
68efc3c6de2c1760e688d379,sensor_1,25.38,53.17,2025-10-15 15:54:46
68efc3c8de2c1760e688d37a,sensor_2,20.97,59.27,2025-10-15 15:54:48
68efc3cade2c1760e688d37b,sensor_3,21.83,52.21,2025-10-15 15:54:50
68efc3ccde2c1760e688d37c,sensor_2,23.13,42.31,2025-10-15 15:54:52
68efc3cede2c1760e688d37d,sensor_1,21.91,57.04,2025-10-15 15:54:54
68efc3d0de2c1760e688d37e,sensor_2,25.03,42.26,2025-10-15 15:54:56
68efc3d2de2c1760e688d37f,sensor_2,20.63,42.11,2025-10-15 15:54:58
68efc3d4de2c1760e688d380,sensor_2,22.7,53.87,2025-10-15 15:55:00
68efc3d6de2c1760e688d381,sensor_1,22.07,42.98,2025-10-15 15:55:02
68efc3d8de2c1760e688d382,sensor_3,21.66,66.51,2025-10-15 15:55:04
68efc3dade2c1760e688d383,sensor_1,23.34,56.62,2025-10-15 15:55:06
68efc3dcde2c1760e688d384,sensor_1,23.19,69.84,2025-10-15 15:55:08
68efc3dede2c1760e688d385,sensor_2,23.81,50.74,2025-10-15 15:55:10
68efc3e0de2c1760e688d386,sensor_3,25.56,66.23,2025-10-15 15:55:12
68efc3e2de2c1760e688d387,sensor_3,24.99,44.18,2025-10-15 15:55:14
68efc3e4de2c1760e688d388,sensor_3,20.81,56.47,2025-10-15 15:55:16
68efc3e6de2c1760e688d389,sensor_3,22.02,55.72,2025-10-15 15:55:18
68efc3e8de2c1760e688d38a,sensor_3,26.73,62.21,2025-10-15 15:55:20
68efc3eade2c1760e688d38b,sensor_1,22.93,42.61,2025-10-15 15:55:22
68efc3ecde2c1760e688d38c,sensor_3,24.49,43.72,2025-10-15 15:55:24
68efc3eede2c1760e688d38d,sensor_2,27.91,69.17,2025-10-15 15:55:26
68efc3f0de2c1760e688d38e,sensor_3,20.44,68.21,2025-10-15 15:55:28
68efc3f2de2c1760e688d38f,sensor_3,22.99,50.42,2025-10-15 15:55:30
68efc3f4de2c1760e688d390,sensor_3,23.37,46.22,2025-10-15 15:55:32
68efc3f6de2c1760e688d391,sensor_3,25.44,48.86,2025-10-15 15:55:34
68efc3f8de2c1760e688d392,sensor_2,20.39,47.93,2025-10-15 15:55:36
68efc3fade2c1760e688d393,sensor_2,20.64,54.62,2025-10-15 15:55:38
68efc3fcde2c1760e688d394,sensor_3,23.95,59.09,2025-10-15 15:55:40
68efc3fede2c1760e688d395,sensor_1,25.63,60.38,2025-10-15 15:55:42
68efc400de2c1760e688d396,sensor_1,27.75,44.51,2025-10-15 15:55:44
68efc402de2c1760e688d397,sensor_1,26.04,42.28,2025-10-15 15:55:46
68efc404de2c1760e688d398,sensor_2,20.04,58.91,2025-10-15 15:55:48
68efc406de2c1760e688d399,sensor_3,20.96,41.86,2025-10-15 15:55:50
68efc408de2c1760e688d39a,sensor_2,27.17,68.79,2025-10-15 15:55:52
68efc40ade2c1760e688d39b,sensor_3,26.24,45.83,2025-10-15 15:55:54
68efc40cde2c1760e688d39c,sensor_2,26.6,48.12,2025-10-15 15:55:56
68efc40ede2c1760e688d39d,sensor_3,26.57,43.19,2025-10-15 15:55:58
68efc410de2c1760e688d39e,sensor_2,24.18,56.83,2025-10-15 15:56:00
68efc412de2c1760e688d39f,sensor_2,23.13,53.76,2025-10-15 15:56:02
68efc414de2c1760e688d3a0,sensor_2,25.13,67.28,2025-10-15 15:56:04
68efc416de2c1760e688d3a1,sensor_1,24.26,69.31,2025-10-15 15:56:06
68efc418de2c1760e688d3a2,sensor_3,25.02,61.34,2025-10-15 15:56:08
68efc41ade2c1760e688d3a3,sensor_1,26.86,41.92,2025-10-15 15:56:10
68efc41cde2c1760e688d3a4,sensor_3,27.47,43.45,2025-10-15 15:56:12
68efc41ede2c1760e688d3a5,sensor_2,22.08,60.84,2025-10-15 15:56:14
68efc420de2c1760e688d3a6,sensor_2,23.83,66.51,2025-10-15 15:56:16
68efc422de2c1760e688d3a7,sensor_3,27.59,40.83,2025-10-15 15:56:18
68efc424de2c1760e688d3a8,sensor_3,26.86,69.95,2025-10-15 15:56:20
68efc426de2c1760e688d3a9,sensor_3,23.86,63.14,2025-10-15 15:56:22
68efc428de2c1760e688d3aa,sensor_3,20.26,57.85,2025-10-15 15:56:24
68efc42ade2c1760e688d3ab,sensor_2,24.2,67.63,2025-10-15 15:56:26
68efc42cde2c1760e688d3ac,sensor_1,26.92,40.13,2025-10-15 15:56:28
68efc42ede2c1760e688d3ad,sensor_2,21.84,42.11,2025-10-15 15:56:30
68efc430de2c1760e688d3ae,sensor_1,27.74,46.49,2025-10-15 15:56:32
68efc432de2c1760e688d3af,sensor_2,23.54,61.37,2025-10-15 15:56:34
68efc434de2c1760e688d3b0,sensor_2,21.3,52.25,2025-10-15 15:56:36
68efc436de2c1760e688d3b1,sensor_2,21.81,59.64,2025-10-15 15:56:38
68efc438de2c1760e688d3b2,sensor_3,22.24,47.6,2025-10-15 15:56:40
68efc43ade2c1760e688d3b3,sensor_3,23.35,54.0,2025-10-15 15:56:42
68efc43cde2c1760e688d3b4,sensor_2,24.25,63.35,2025-10-15 15:56:44
68efc43ede2c1760e688d3b5,sensor_3,22.39,41.35,2025-10-15 15:56:46
68efc440de2c1760e688d3b6,sensor_2,23.81,59.66,2025-10-15 15:56:48
68efc442de2c1760e688d3b7,sensor_1,24.67,53.16,2025-10-15 15:56:50
68efc444de2c1760e688d3b8,sensor_3,21.83,42.79,2025-10-15 15:56:52
68efc446de2c1760e688d3b9,sensor_2,21.15,46.93,2025-10-15 15:56:54
68efc448de2c1760e688d3ba,sensor_3,27.15,41.63,2025-10-15 15:56:56
68efc44ade2c1760e688d3bb,sensor_1,24.32,50.5,2025-10-15 15:56:58
68efc44cde2c1760e688d3bc,sensor_2,24.09,66.44,2025-10-15 15:57:00
68efc44ede2c1760e688d3bd,sensor_3,21.91,58.97,2025-10-15 15:57:02
68efc450de2c1760e688d3be,sensor_2,26.43,69.82,2025-10-15 15:57:04
68efc452de2c1760e688d3bf,sensor_3,27.22,59.97,2025-10-15 15:57:06
68efc454de2c1760e688d3c0,sensor_3,27.89,41.19,2025-10-15 15:57:08
68efc456de2c1760e688d3c1,sensor_3,22.68,60.03,2025-10-15 15:57:10
68efc458de2c1760e688d3c2,sensor_3,25.91,57.45,2025-10-15 15:57:12
68efc45ade2c1760e688d3c3,sensor_3,23.72,43.75,2025-10-15 15:57:14
68efc45cde2c1760e688d3c4,sensor_2,22.92,45.37,2025-10-15 15:57:16
68efc45ede2c1760e688d3c5,sensor_2,25.49,66.52,2025-10-15 15:57:18
68efc461de2c1760e688d3c6,sensor_3,22.12,49.48,2025-10-15 15:57:21
68efc463de2c1760e688d3c7,sensor_3,21.43,56.65,2025-10-15 15:57:23
68efc465de2c1760e688d3c8,sensor_2,22.81,40.52,2025-10-15 15:57:25
68efc467de2c1760e688d3c9,sensor_2,26.97,58.16,2025-10-15 15:57:27
68efc469de2c1760e688d3ca,sensor_1,24.27,65.56,2025-10-15 15:57:29
68efc46bde2c1760e688d3cb,sensor_2,25.53,65.5,2025-10-15 15:57:31
68efc46dde2c1760e688d3cc,sensor_1,27.69,52.03,2025-10-15 15:57:33
68efc46fde2c1760e688d3cd,sensor_2,20.08,45.89,2025-10-15 15:57:35
68efc471de2c1760e688d3ce,sensor_1,25.25,44.12,2025-10-15 15:57:37
68efc473de2c1760e688d3cf,sensor_2,24.98,53.32,2025-10-15 15:57:39
68efc475de2c1760e688d3d0,sensor_2,25.4,56.61,2025-10-15 15:57:41
68efc477de2c1760e688d3d1,sensor_1,24.45,44.98,2025-10-15 15:57:43
68efc479de2c1760e688d3d2,sensor_1,24.47,48.23,2025-10-15 15:57:45
68efc47bde2c1760e688d3d3,sensor_3,21.34,69.95,2025-10-15 15:57:47
68efc47dde2c1760e688d3d4,sensor_1,20.28,49.84,2025-10-15 15:57:49
68efc47fde2c1760e688d3d5,sensor_2,22.86,50.85,2025-10-15 15:57:51
68efc481de2c1760e688d3d6,sensor_3,25.46,69.72,2025-10-15 15:57:53
68efc483de2c1760e688d3d7,sensor_1,24.35,66.06,2025-10-15 15:57:55
68efc485de2c1760e688d3d8,sensor_2,21.94,55.97,2025-10-15 15:57:57
68efc487de2c1760e688d3d9,sensor_3,21.91,68.52,2025-10-15 15:57:59
68efc489de2c1760e688d3da,sensor_1,25.0,61.66,2025-10-15 15:58:01
68efc48bde2c1760e688d3db,sensor_2,25.6,55.23,2025-10-15 15:58:03
68efc48dde2c1760e688d3dc,sensor_2,22.02,58.77,2025-10-15 15:58:05
68efc48fde2c1760e688d3dd,sensor_1,21.36,46.76,2025-10-15 15:58:07
68efc491de2c1760e688d3de,sensor_3,23.4,49.05,2025-10-15 15:58:09
68efc493de2c1760e688d3df,sensor_3,23.06,69.17,2025-10-15 15:58:11
68efc495de2c1760e688d3e0,sensor_1,26.73,66.13,2025-10-15 15:58:13
68efc497de2c1760e688d3e1,sensor_1,27.14,40.73,2025-10-15 15:58:15
68efc499de2c1760e688d3e2,sensor_1,21.97,51.32,2025-10-15 15:58:17
68efc49bde2c1760e688d3e3,sensor_1,24.54,51.87,2025-10-15 15:58:19
68efc49dde2c1760e688d3e4,sensor_1,21.7,69.8,2025-10-15 15:58:21
68efc49fde2c1760e688d3e5,sensor_3,24.7,46.59,2025-10-15 15:58:23
68efc4a1de2c1760e688d3e6,sensor_1,21.45,58.98,2025-10-15 15:58:25
68efc4a3de2c1760e688d3e7,sensor_1,25.42,58.94,2025-10-15 15:58:27
68efc4a5de2c1760e688d3e8,sensor_2,27.89,61.72,2025-10-15 15:58:29
68efc4a7de2c1760e688d3e9,sensor_1,25.58,52.75,2025-10-15 15:58:31
68efc4a9de2c1760e688d3ea,sensor_2,23.01,48.31,2025-10-15 15:58:33
68efc4abde2c1760e688d3eb,sensor_2,27.98,57.71,2025-10-15 15:58:35
68efc4adde2c1760e688d3ec,sensor_1,22.84,46.65,2025-10-15 15:58:37
68efc4afde2c1760e688d3ed,sensor_3,20.53,46.88,2025-10-15 15:58:39
68efc4b1de2c1760e688d3ee,sensor_1,23.25,60.01,2025-10-15 15:58:41
68efc4b3de2c1760e688d3ef,sensor_1,22.6,55.2,2025-10-15 15:58:43
68efc4b5de2c1760e688d3f0,sensor_3,20.99,56.93,2025-10-15 15:58:45
68efc4b7de2c1760e688d3f1,sensor_1,26.31,45.05,2025-10-15 15:58:47
68efc4b9de2c1760e688d3f2,sensor_3,20.86,68.44,2025-10-15 15:58:49
68efc4bbde2c1760e688d3f3,sensor_3,21.07,60.93,2025-10-15 15:58:51
68efc4bdde2c1760e688d3f4,sensor_1,24.07,51.84,2025-10-15 15:58:53
68efc4bfde2c1760e688d3f5,sensor_1,27.81,61.76,2025-10-15 15:58:55
68efc4c1de2c1760e688d3f6,sensor_2,23.73,48.63,2025-10-15 15:58:57
68efc4c3de2c1760e688d3f7,sensor_3,27.53,61.71,2025-10-15 15:58:59
68efc4c5de2c1760e688d3f8,sensor_1,24.88,47.48,2025-10-15 15:59:01
68efc4c7de2c1760e688d3f9,sensor_3,24.88,60.82,2025-10-15 15:59:03
68efc4c9de2c1760e688d3fa,sensor_1,26.4,68.37,2025-10-15 15:59:05
68efc4cbde2c1760e688d3fb,sensor_2,26.6,53.46,2025-10-15 15:59:07
68efc4cdde2c1760e688d3fc,sensor_1,22.57,68.94,2025-10-15 15:59:09
68efc4cfde2c1760e688d3fd,sensor_3,24.35,50.74,2025-10-15 15:59:11
68efc4d1de2c1760e688d3fe,sensor_1,20.49,57.09,2025-10-15 15:59:13
68efc4d3de2c1760e688d3ff,sensor_1,22.65,50.97,2025-10-15 15:59:15
68efc4d5de2c1760e688d400,sensor_1,20.45,66.13,2025-10-15 15:59:17
68efc4d7de2c1760e688d401,sensor_3,21.07,46.01,2025-10-15 15:59:19
68efc4d9de2c1760e688d402,sensor_1,21.4,66.62,2025-10-15 15:59:21
68efc4dbde2c1760e688d403,sensor_1,23.45,62.98,2025-10-15 15:59:23
68efc4ddde2c1760e688d404,sensor_2,27.1,56.36,2025-10-15 15:59:25
68efc4dfde2c1760e688d405,sensor_3,26.12,43.75,2025-10-15 15:59:27
68efc4e1de2c1760e688d406,sensor_1,23.6,62.33,2025-10-15 15:59:29
68efc4e3de2c1760e688d407,sensor_1,21.99,48.86,2025-10-15 15:59:31
68efc4e5de2c1760e688d408,sensor_2,22.3,46.99,2025-10-15 15:59:33
68efc4e7de2c1760e688d409,sensor_2,26.39,45.67,2025-10-15 15:59:35
68efc4e9de2c1760e688d40a,sensor_3,26.05,44.56,2025-10-15 15:59:37
68efc4ebde2c1760e688d40b,sensor_1,22.79,59.71,2025-10-15 15:59:39
68efc4edde2c1760e688d40c,sensor_2,20.64,63.4,2025-10-15 15:59:41
68efc4efde2c1760e688d40d,sensor_3,22.31,49.98,2025-10-15 15:59:43
68efc4f1de2c1760e688d40e,sensor_2,21.23,56.14,2025-10-15 15:59:45
68efc4f3de2c1760e688d40f,sensor_2,25.92,64.45,2025-10-15 15:59:47
68efc4f5de2c1760e688d410,sensor_1,24.1,58.96,2025-10-15 15:59:49
68efc4f7de2c1760e688d411,sensor_2,27.35,58.08,2025-10-15 15:59:51
68efc4f9de2c1760e688d412,sensor_3,26.41,64.0,2025-10-15 15:59:53
68efc4fbde2c1760e688d413,sensor_2,21.04,50.63,2025-10-15 15:59:55
68efc4fdde2c1760e688d414,sensor_1,20.84,67.1,2025-10-15 15:59:57
68efc4ffde2c1760e688d415,sensor_3,20.81,40.91,2025-10-15 15:59:59
68efc501de2c1760e688d416,sensor_1,22.36,40.14,2025-10-15 16:00:01
68efc503de2c1760e688d417,sensor_2,24.63,67.35,2025-10-15 16:00:03
68efc505de2c1760e688d418,sensor_2,20.87,43.92,2025-10-15 16:00:05
68efc507de2c1760e688d419,sensor_2,25.25,54.01,2025-10-15 16:00:07
68efc509de2c1760e688d41a,sensor_1,25.09,65.48,2025-10-15 16:00:09
68efc50bde2c1760e688d41b,sensor_1,26.5,60.19,2025-10-15 16:00:11
68efc50dde2c1760e688d41c,sensor_3,22.51,43.19,2025-10-15 16:00:13
68efc50fde2c1760e688d41d,sensor_3,26.49,56.22,2025-10-15 16:00:15
68efc511de2c1760e688d41e,sensor_3,27.23,59.62,2025-10-15 16:00:17
68efc513de2c1760e688d41f,sensor_1,26.02,48.75,2025-10-15 16:00:19
68efc515de2c1760e688d420,sensor_3,23.38,58.45,2025-10-15 16:00:21
68efc517de2c1760e688d421,sensor_3,25.96,68.88,2025-10-15 16:00:23
68efc519de2c1760e688d422,sensor_3,27.13,45.57,2025-10-15 16:00:25
68efc51bde2c1760e688d423,sensor_2,25.99,43.48,2025-10-15 16:00:27
68efc51dde2c1760e688d424,sensor_1,21.78,67.25,2025-10-15 16:00:29
68efc51fde2c1760e688d425,sensor_3,21.62,59.77,2025-10-15 16:00:31
68efc521de2c1760e688d426,sensor_3,20.2,44.97,2025-10-15 16:00:33
68efc523de2c1760e688d427,sensor_1,21.34,46.74,2025-10-15 16:00:35
68efc525de2c1760e688d428,sensor_2,27.82,51.19,2025-10-15 16:00:37
68efc527de2c1760e688d429,sensor_3,27.98,45.0,2025-10-15 16:00:39
68efc529de2c1760e688d42a,sensor_3,27.01,51.52,2025-10-15 16:00:41
68efc52bde2c1760e688d42b,sensor_1,25.88,68.81,2025-10-15 16:00:43
68efc52dde2c1760e688d42c,sensor_3,20.75,42.86,2025-10-15 16:00:45
68efc52fde2c1760e688d42d,sensor_2,25.62,59.48,2025-10-15 16:00:47
68efc531de2c1760e688d42e,sensor_3,27.03,69.92,2025-10-15 16:00:49
68efc533de2c1760e688d42f,sensor_3,22.61,52.98,2025-10-15 16:00:51
68efc535de2c1760e688d430,sensor_2,22.65,69.16,2025-10-15 16:00:53
68efc537de2c1760e688d431,sensor_3,20.46,42.36,2025-10-15 16:00:55
68efc539de2c1760e688d432,sensor_2,20.43,69.5,2025-10-15 16:00:57
68efc53bde2c1760e688d433,sensor_3,22.09,58.03,2025-10-15 16:00:59
68efc53dde2c1760e688d434,sensor_1,21.57,54.34,2025-10-15 16:01:01
68efc53fde2c1760e688d435,sensor_2,22.53,40.59,2025-10-15 16:01:03
68efc541de2c1760e688d436,sensor_2,22.07,40.03,2025-10-15 16:01:05
68efc543de2c1760e688d437,sensor_1,22.37,49.69,2025-10-15 16:01:07
68efc545de2c1760e688d438,sensor_1,24.42,50.27,2025-10-15 16:01:09
68efc547de2c1760e688d439,sensor_2,20.19,50.29,2025-10-15 16:01:11
68efc549de2c1760e688d43a,sensor_1,27.09,65.77,2025-10-15 16:01:13
68efc54bde2c1760e688d43b,sensor_2,24.44,51.52,2025-10-15 16:01:15
68efc54dde2c1760e688d43c,sensor_2,21.84,52.12,2025-10-15 16:01:17
68efc54fde2c1760e688d43d,sensor_2,24.45,44.62,2025-10-15 16:01:19
68efc551de2c1760e688d43e,sensor_3,23.02,59.55,2025-10-15 16:01:21
68efc553de2c1760e688d43f,sensor_3,21.7,53.74,2025-10-15 16:01:23
68efc555de2c1760e688d440,sensor_1,21.06,58.28,2025-10-15 16:01:25
68efc557de2c1760e688d441,sensor_2,23.57,55.95,2025-10-15 16:01:27
68efc559de2c1760e688d442,sensor_1,24.83,50.12,2025-10-15 16:01:29
68efc55bde2c1760e688d443,sensor_3,23.11,60.68,2025-10-15 16:01:31
68efc55dde2c1760e688d444,sensor_1,20.36,48.68,2025-10-15 16:01:33
68efc55fde2c1760e688d445,sensor_2,23.44,55.51,2025-10-15 16:01:35
68efc561de2c1760e688d446,sensor_2,27.82,68.12,2025-10-15 16:01:37
68efc563de2c1760e688d447,sensor_1,27.35,57.22,2025-10-15 16:01:39
68efc565de2c1760e688d448,sensor_3,23.36,47.81,2025-10-15 16:01:41
68efc567de2c1760e688d449,sensor_1,24.58,46.55,2025-10-15 16:01:43
68efc569de2c1760e688d44a,sensor_2,27.62,42.42,2025-10-15 16:01:45
68efc56bde2c1760e688d44b,sensor_3,23.94,68.57,2025-10-15 16:01:47
68efc56dde2c1760e688d44c,sensor_2,26.03,45.05,2025-10-15 16:01:49
68efc56fde2c1760e688d44d,sensor_1,20.1,66.01,2025-10-15 16:01:51
68efc571de2c1760e688d44e,sensor_3,26.61,43.63,2025-10-15 16:01:53
68efc573de2c1760e688d44f,sensor_3,24.45,68.91,2025-10-15 16:01:55
68efc575de2c1760e688d450,sensor_1,24.68,52.61,2025-10-15 16:01:57
68efc577de2c1760e688d451,sensor_1,23.95,69.88,2025-10-15 16:01:59
68efc579de2c1760e688d452,sensor_1,20.77,50.49,2025-10-15 16:02:01
68efc57bde2c1760e688d453,sensor_2,22.89,65.74,2025-10-15 16:02:03
68efc57dde2c1760e688d454,sensor_1,20.64,54.03,2025-10-15 16:02:05
68efc57fde2c1760e688d455,sensor_3,20.95,67.65,2025-10-15 16:02:07
68efc581de2c1760e688d456,sensor_1,22.53,52.27,2025-10-15 16:02:09
68efc583de2c1760e688d457,sensor_3,22.57,65.52,2025-10-15 16:02:11
68efc585de2c1760e688d458,sensor_2,20.86,61.24,2025-10-15 16:02:13
68efc587de2c1760e688d459,sensor_1,23.34,49.19,2025-10-15 16:02:15
68efc589de2c1760e688d45a,sensor_2,23.01,44.82,2025-10-15 16:02:17
68efc58bde2c1760e688d45b,sensor_2,27.54,60.44,2025-10-15 16:02:19
68efc58dde2c1760e688d45c,sensor_2,26.07,49.35,2025-10-15 16:02:21
68efc58fde2c1760e688d45d,sensor_3,23.4,52.56,2025-10-15 16:02:23
68efc591de2c1760e688d45e,sensor_2,22.87,42.09,2025-10-15 16:02:25
68efc593de2c1760e688d45f,sensor_2,22.73,55.29,2025-10-15 16:02:27
68efc595de2c1760e688d460,sensor_1,23.59,46.49,2025-10-15 16:02:29
68efc597de2c1760e688d461,sensor_3,27.11,53.97,2025-10-15 16:02:31
68efc599de2c1760e688d462,sensor_3,23.01,57.67,2025-10-15 16:02:33
68efc59bde2c1760e688d463,sensor_3,23.78,58.85,2025-10-15 16:02:35
68efc59dde2c1760e688d464,sensor_1,26.73,51.47,2025-10-15 16:02:37
68efc59fde2c1760e688d465,sensor_3,27.39,48.68,2025-10-15 16:02:39
68efc5a1de2c1760e688d466,sensor_3,24.95,67.53,2025-10-15 16:02:41
68efc5a3de2c1760e688d467,sensor_1,26.48,65.71,2025-10-15 16:02:43
68efc5a5de2c1760e688d468,sensor_1,21.3,62.64,2025-10-15 16:02:45
68efc5a7de2c1760e688d469,sensor_1,26.43,43.07,2025-10-15 16:02:47
68efc5a9de2c1760e688d46a,sensor_1,24.29,45.79,2025-10-15 16:02:49
68efc5abde2c1760e688d46b,sensor_3,24.34,66.35,2025-10-15 16:02:51
68efc5adde2c1760e688d46c,sensor_1,20.38,59.72,2025-10-15 16:02:53
68efc5afde2c1760e688d46d,sensor_3,20.68,66.36,2025-10-15 16:02:55
