timestamp,temperature,humidite
2025-09-22 12:57:21,29.61,55.38
2025-09-22 12:57:23,28.33,51.26
2025-09-22 12:57:25,24.47,44.42
2025-09-22 12:57:27,29.35,55.36
2025-09-22 12:57:29,28.18,58.55
2025-09-22 12:57:31,28.6,74.58
2025-09-22 12:57:33,19.93,64.56
2025-09-22 12:57:35,19.18,59.99
2025-09-22 12:57:37,25.67,66.67
2025-09-22 12:57:39,22.33,62.16
2025-09-22 12:57:41,28.96,62.32
2025-09-22 12:57:43,24.37,55.81
2025-09-22 12:57:45,27.48,68.51
2025-09-22 12:57:47,26.58,41.06
2025-09-22 12:57:49,27.84,40.1
2025-09-22 12:57:51,25.14,46.39
2025-09-22 12:57:53,18.4,43.72
2025-09-22 12:57:55,26.28,79.47
2025-09-22 12:57:57,19.37,71.12
2025-09-22 12:57:59,24.85,68.09
2025-09-22 12:58:01,26.48,66.19
2025-09-22 12:58:03,26.55,46.7
2025-09-22 12:58:05,27.09,76.87
2025-09-22 12:58:07,27.99,46.94
2025-09-22 12:58:09,22.04,67.76
2025-09-22 12:58:11,19.72,71.95
2025-09-22 12:58:13,24.02,73.23
2025-09-22 12:58:15,20.26,64.67
2025-09-22 12:58:17,28.05,68.61
2025-09-22 12:58:19,25.62,62.67
2025-09-22 12:58:21,26.57,56.54
2025-09-22 12:58:23,22.88,66.54
2025-09-22 12:58:25,20.18,51.95
2025-09-22 12:58:27,26.08,41.22
2025-09-22 12:58:29,28.42,55.7
2025-09-22 12:58:31,22.21,52.96
2025-09-22 12:58:33,24.62,77.72
2025-09-22 12:58:35,20.34,51.32
2025-09-22 12:58:37,21.31,61.2
2025-09-22 12:58:39,18.9,55.17
2025-09-22 12:58:41,23.69,49.14
2025-09-22 12:58:43,20.89,64.39
2025-09-22 12:58:45,20.85,43.99
2025-09-22 12:58:47,18.31,47.39
2025-09-22 12:58:49,22.2,54.01
2025-09-22 12:58:51,19.81,70.21
2025-09-22 12:58:53,23.82,50.2
2025-09-22 12:58:55,29.23,41.56
2025-09-22 12:58:57,28.15,50.47
2025-09-22 12:58:59,23.58,64.6
2025-09-22 12:59:01,19.67,60.98
2025-09-22 12:59:03,24.78,53.22
2025-09-22 12:59:05,29.19,48.69
2025-09-22 12:59:07,21.75,78.19
2025-09-22 12:59:09,28.01,79.97
2025-09-22 12:59:11,21.14,48.57
2025-09-22 12:59:13,29.83,40.74
2025-09-22 12:59:15,27.35,62.91
2025-09-22 12:59:17,26.63,74.97
2025-09-22 12:59:19,27.88,56.05
2025-09-22 12:59:21,25.09,71.24
2025-09-22 12:59:23,24.01,58.54
2025-09-22 12:59:25,22.48,79.65
2025-09-22 12:59:27,24.22,43.84
2025-09-22 12:59:29,24.48,67.94
2025-09-22 12:59:31,25.0,56.4
2025-09-22 12:59:33,26.14,56.4
2025-09-22 12:59:35,28.81,45.99
2025-09-22 12:59:37,22.31,50.85
2025-09-22 12:59:39,27.46,60.6
2025-09-22 12:59:41,28.58,48.31
2025-09-22 12:59:43,26.11,76.21
2025-09-22 12:59:45,28.38,53.15
2025-09-22 12:59:47,21.95,64.15
2025-09-22 12:59:49,21.58,68.3
2025-09-22 12:59:51,29.22,49.65
2025-09-22 12:59:53,22.83,40.51
2025-09-22 12:59:55,20.19,47.64
2025-09-22 12:59:57,24.39,69.16
2025-09-22 12:59:59,23.85,78.57
2025-09-22 13:00:01,24.82,69.72
2025-09-22 13:00:03,29.76,76.09
2025-09-22 13:00:05,24.01,76.09
2025-09-22 13:00:07,21.17,62.95
2025-09-22 13:00:09,18.37,43.22
2025-09-22 13:00:11,21.73,62.53
2025-09-22 13:00:13,28.86,66.97
2025-09-22 13:00:15,24.47,78.22
2025-09-22 13:00:17,23.96,57.92
2025-09-22 13:00:19,19.38,41.63
2025-09-22 13:00:21,25.78,40.69
2025-09-22 13:00:23,29.75,71.93
2025-09-22 13:00:25,23.08,41.24
2025-09-22 13:00:27,21.02,43.14
2025-09-22 13:00:29,28.99,45.65
2025-09-22 13:00:31,27.71,41.12
2025-09-22 13:00:33,20.82,75.18
2025-09-22 13:00:35,28.84,53.75
2025-09-22 13:00:37,18.2,56.55
2025-09-22 13:00:39,23.39,47.49
2025-09-22 13:00:41,19.82,40.57
2025-09-22 13:00:43,25.21,51.61
2025-09-22 13:00:45,24.74,71.69
2025-09-22 13:00:47,29.28,58.52
2025-09-22 13:00:49,18.36,68.57
2025-09-22 13:00:51,22.38,72.48
2025-09-22 13:00:53,22.14,73.39
2025-09-22 13:00:55,29.43,64.85
2025-09-22 13:00:57,28.14,52.4
2025-09-22 13:00:59,22.72,75.42
2025-09-22 13:01:01,27.75,47.91
2025-09-22 13:01:03,28.82,62.56
2025-09-22 13:01:05,26.03,47.33
2025-09-22 13:01:07,21.96,79.27
2025-09-22 13:01:09,21.59,70.35
2025-09-22 13:01:11,19.51,73.61
2025-09-22 13:01:13,26.11,74.59
2025-09-22 13:01:15,19.44,63.5
2025-09-22 13:01:17,26.3,69.57
2025-09-22 13:01:19,26.96,60.21
2025-09-22 13:01:21,20.24,68.3
2025-09-22 13:01:23,28.56,57.04
2025-09-22 13:01:25,25.38,59.65
2025-09-22 13:01:27,26.21,56.72
2025-09-22 13:01:29,27.31,51.39
2025-09-22 13:01:31,26.62,40.36
2025-09-22 13:01:33,26.38,71.64
2025-09-22 13:01:35,29.85,58.4
2025-09-22 13:01:37,21.08,51.78
2025-09-22 13:01:39,20.09,42.91
2025-09-22 13:01:41,27.67,41.17
2025-09-22 13:01:43,29.62,54.85
2025-09-22 13:01:45,21.25,46.0
2025-09-22 13:01:47,28.21,53.87
2025-09-22 13:01:49,21.14,62.91
2025-09-22 13:01:51,18.19,67.83
2025-09-22 13:01:53,25.57,68.93
2025-09-22 13:01:55,27.14,77.63
2025-09-22 13:01:57,25.52,71.68
2025-09-22 13:01:59,20.31,59.83
2025-09-22 13:02:01,19.32,69.77
2025-09-22 13:02:03,23.04,63.93
2025-09-22 13:02:05,27.72,48.35
2025-09-22 13:02:07,23.15,43.5
2025-09-22 13:02:09,20.22,69.64
2025-09-22 13:02:11,28.27,43.66
2025-09-22 13:02:13,29.4,45.77
2025-09-22 13:02:15,20.76,42.17
2025-09-22 13:02:17,23.74,53.98
2025-09-22 13:02:19,18.72,60.88
2025-09-22 13:02:21,26.84,44.46
2025-09-22 13:02:23,29.51,71.33
2025-09-22 13:02:25,28.7,40.36
2025-09-22 13:02:27,26.77,70.2
2025-09-22 13:02:29,29.87,64.93
2025-09-22 13:02:31,22.43,71.56
2025-09-22 13:02:33,29.78,46.29
2025-09-22 13:02:35,24.54,55.52
2025-09-22 13:02:37,26.84,78.79
2025-09-22 13:02:39,25.97,49.74
2025-09-22 13:02:41,21.15,64.17
2025-09-22 13:02:43,18.56,48.21
2025-09-22 13:02:45,28.97,57.95
2025-09-22 13:02:47,20.94,44.66
2025-09-22 13:02:49,22.63,56.72
2025-09-22 13:02:51,26.27,71.37
2025-09-22 13:02:53,25.29,78.03
2025-09-22 13:02:55,22.62,61.52
2025-09-22 13:02:57,21.33,79.52
2025-09-22 13:02:59,25.91,75.78
2025-09-22 13:03:01,18.7,59.35
2025-09-22 13:03:03,18.79,55.28
2025-09-22 13:03:05,22.26,72.03
2025-09-22 13:03:07,21.47,79.56
2025-09-22 13:03:10,21.51,77.57
2025-09-22 13:03:12,20.72,61.06
2025-09-22 13:03:14,23.48,74.15
2025-09-22 13:03:16,25.49,48.96
2025-09-22 13:03:18,26.93,41.77
2025-09-22 13:03:20,19.54,65.85
2025-09-22 13:03:22,26.66,44.11
2025-09-22 13:03:24,27.08,69.73
2025-09-22 13:03:26,18.63,56.15
2025-09-22 13:03:28,27.42,43.87
2025-09-22 13:03:30,29.06,61.38
2025-09-22 13:03:32,24.52,76.95
2025-09-22 13:03:34,22.83,62.96
2025-09-22 13:03:36,18.72,66.17
2025-09-22 13:03:38,26.9,67.31
2025-09-22 13:03:40,23.05,45.86
2025-09-22 13:03:42,29.72,56.54
2025-09-22 13:03:44,21.88,65.09
2025-09-22 13:03:46,19.78,41.75
2025-09-22 13:03:48,22.51,59.86
2025-09-22 13:03:50,25.66,57.13
2025-09-22 13:03:52,22.62,71.2
2025-09-22 13:03:54,28.87,75.3
2025-09-22 13:03:56,28.67,66.2
2025-09-22 13:03:58,22.99,50.92
2025-09-22 13:04:00,27.0,45.37
2025-09-22 13:04:02,18.85,58.98
2025-09-22 13:04:04,27.56,49.76
2025-09-22 13:04:06,22.0,75.89
2025-09-22 13:04:08,23.47,69.34
2025-09-22 13:04:10,29.2,61.82
2025-09-22 13:04:12,23.69,44.26
2025-09-22 13:04:14,18.03,40.03
2025-09-22 13:04:16,18.26,75.13
2025-09-22 13:04:18,21.01,59.23
2025-09-22 13:04:20,22.56,65.86
2025-09-22 13:04:22,19.25,78.45
2025-09-22 13:04:24,25.23,70.1
2025-09-22 13:04:26,29.29,53.94
2025-09-22 13:04:28,20.67,53.81
2025-09-22 13:04:30,24.13,58.09
2025-09-22 13:04:32,29.16,58.99
2025-09-22 13:04:34,25.06,67.38
2025-09-22 13:04:36,29.59,74.61
2025-09-22 13:04:38,21.74,44.37
2025-09-22 13:04:40,22.74,74.27
2025-09-22 13:04:42,18.75,63.23
2025-09-22 13:04:44,23.91,42.74
2025-09-22 13:04:46,26.41,52.23
2025-09-22 13:04:48,20.81,75.07
2025-09-22 13:04:50,27.57,62.82
2025-09-22 13:04:52,24.09,73.37
2025-09-22 13:04:54,18.9,62.14
2025-09-22 13:04:56,24.97,72.3
2025-09-22 13:04:58,18.02,48.92
2025-09-22 13:05:00,29.24,72.49
2025-09-22 13:05:02,23.73,51.34
2025-09-22 13:05:04,20.32,71.86
2025-09-22 13:05:06,27.09,52.82
2025-09-22 13:05:08,21.0,40.67
2025-09-22 13:05:10,21.35,77.22
2025-09-22 13:05:12,26.28,63.95
2025-09-22 13:05:14,19.0,58.52
2025-09-22 13:05:16,19.19,54.76
2025-09-22 13:05:18,27.52,41.81
2025-09-22 13:05:20,26.22,64.23
2025-09-22 13:05:22,22.62,62.13
2025-09-22 13:05:24,29.19,54.88
2025-09-22 13:05:26,21.64,43.37
2025-09-22 13:05:28,28.59,40.66
2025-09-22 13:05:30,20.79,77.51
2025-09-22 13:05:32,20.46,65.16
2025-09-22 13:05:34,21.63,46.17
2025-09-22 13:05:36,28.55,54.18
2025-09-22 13:05:38,21.01,44.48
2025-09-22 13:05:40,21.88,47.53
2025-09-22 13:05:42,18.59,52.0
2025-09-22 13:05:44,21.05,54.76
2025-09-22 13:05:46,26.21,70.45
2025-09-22 13:05:48,21.11,67.01
2025-09-22 13:05:50,21.28,49.89
2025-09-22 13:05:52,23.36,63.48
2025-09-22 13:05:54,18.85,74.36
2025-09-22 13:05:56,29.57,43.71
2025-09-22 13:05:58,19.93,47.41
2025-09-22 13:06:00,19.9,78.92
2025-09-22 13:06:02,23.24,53.07
2025-09-22 13:06:04,21.52,47.43
2025-09-22 13:06:06,26.17,49.13
2025-09-22 13:06:08,25.45,42.46
2025-09-22 13:06:10,19.21,42.53
2025-09-22 13:06:12,21.26,75.89
2025-09-22 13:06:14,26.79,46.16
2025-09-22 13:06:16,29.57,48.58
2025-09-22 13:06:18,26.93,57.64
2025-09-22 13:06:20,28.53,40.33
2025-09-22 13:06:22,18.56,58.05
2025-09-22 13:06:24,23.13,76.17
2025-09-22 13:06:26,29.86,54.58
2025-09-22 13:06:28,19.46,60.77
2025-09-22 13:06:30,18.35,76.25
2025-09-22 13:06:32,29.4,72.24
2025-09-22 13:06:34,24.21,68.0
2025-09-22 13:06:36,23.03,52.94
2025-09-22 13:06:38,23.38,63.66
2025-09-22 13:06:40,25.86,44.58
2025-09-22 13:06:42,22.73,75.3
2025-09-22 13:06:44,25.81,58.31
2025-09-22 13:06:46,29.21,56.37
2025-09-22 13:06:48,24.53,43.84
2025-09-22 13:06:50,25.29,74.45
2025-09-22 13:06:52,29.71,72.6
2025-09-22 13:06:54,28.02,56.41
2025-09-22 13:06:56,24.75,78.26
2025-09-22 13:06:58,26.13,66.59
2025-09-22 13:07:00,20.81,50.39
2025-09-22 13:07:02,21.57,56.01
2025-09-22 13:07:04,23.83,78.4
2025-09-22 13:07:06,28.5,77.91
2025-09-22 13:07:08,19.64,64.42
2025-09-22 13:07:10,28.73,49.63
2025-09-22 13:07:12,20.64,58.01
2025-09-22 13:07:14,19.88,46.97
2025-09-22 13:07:16,24.48,67.16
2025-09-22 13:07:18,21.02,65.39
2025-09-22 13:07:20,27.51,73.86
2025-09-22 13:07:22,20.46,46.97
2025-09-22 13:07:24,20.31,67.73
2025-09-22 13:07:26,20.59,77.76
2025-09-22 13:07:28,21.78,52.45
2025-09-22 13:07:30,24.47,63.8
2025-09-22 13:07:32,24.13,74.42
2025-09-22 13:07:34,23.76,74.19
2025-09-22 13:07:36,25.89,42.23
2025-09-22 13:07:38,18.41,61.58
2025-09-22 13:07:40,22.1,69.6
2025-09-22 13:07:42,20.66,71.44
2025-09-22 13:07:44,28.37,71.18
2025-09-22 13:07:46,28.43,69.94
2025-09-22 13:07:48,22.38,43.19
2025-09-22 13:07:50,29.26,57.39
2025-09-22 13:07:52,29.27,70.43
2025-09-22 13:07:54,24.26,67.12
2025-09-22 13:07:56,25.79,51.54
2025-09-22 13:07:58,20.74,52.12
2025-09-22 13:08:00,18.26,43.29
2025-09-22 13:08:02,19.71,46.31
2025-09-22 13:08:04,21.35,77.32
2025-09-22 13:08:06,18.98,52.42
2025-09-22 13:08:08,24.75,79.62
2025-09-22 13:08:10,28.08,68.15
2025-09-22 13:08:12,19.12,77.51
2025-09-22 13:08:14,18.86,70.63
2025-09-22 13:08:16,25.07,74.7
2025-09-22 13:08:18,29.54,54.11
2025-09-22 13:08:20,25.04,70.53
2025-09-22 13:08:22,23.53,50.68
2025-09-22 13:08:24,25.17,40.96
2025-09-22 13:08:26,21.81,48.33
2025-09-22 13:08:28,26.08,51.13
2025-09-22 13:08:30,28.91,47.69
2025-09-22 13:08:32,23.88,43.45
2025-09-22 13:08:34,19.8,68.16
2025-09-22 13:08:36,26.16,51.5
2025-09-22 13:08:38,23.43,77.8
2025-09-22 13:08:40,19.5,52.16
2025-09-22 13:08:42,28.84,50.17
2025-09-22 13:08:44,26.86,64.64
2025-09-22 13:08:46,22.52,60.08
2025-09-22 13:08:48,20.66,59.76
2025-09-22 13:08:50,24.51,64.88
2025-09-22 13:08:52,21.2,42.99
2025-09-22 13:08:54,24.62,62.9
2025-09-22 13:08:56,18.88,48.44
2025-09-22 13:08:58,25.51,74.42
2025-09-22 13:09:00,20.49,58.42
2025-09-22 13:09:02,25.17,52.65
2025-09-22 13:09:04,22.45,54.27
2025-09-22 13:09:06,18.25,50.13
2025-09-22 13:09:08,18.1,57.0
2025-09-22 13:09:10,22.18,52.01
2025-09-22 13:09:12,21.0,57.09
2025-09-22 13:09:14,20.76,73.04
2025-09-22 13:09:16,20.08,44.14
2025-09-22 13:09:18,27.31,78.08
2025-09-22 13:09:20,27.61,78.29
2025-09-22 13:09:22,19.41,78.2
2025-09-22 13:09:24,24.89,41.71
2025-09-22 13:09:26,19.09,61.39
2025-09-22 13:09:28,23.72,56.55
2025-09-22 13:09:30,20.84,65.26
2025-09-22 13:09:32,19.91,75.28
2025-09-22 13:09:34,26.04,63.85
2025-09-22 13:09:36,20.41,78.89
2025-09-22 13:09:38,28.72,67.85
2025-09-22 13:09:40,20.89,54.51
2025-09-22 13:09:42,27.25,64.08
2025-09-22 13:09:44,25.13,62.64
2025-09-22 13:09:46,26.82,46.68
2025-09-22 13:09:48,20.11,65.39
2025-09-22 13:09:50,26.8,49.32
2025-09-22 13:09:52,20.67,57.98
2025-09-22 13:09:54,26.09,76.96
2025-09-22 13:09:56,19.73,60.23
2025-09-22 13:09:58,28.66,62.36
2025-09-22 13:10:00,27.57,44.48
2025-09-22 13:10:02,19.38,43.38
2025-09-22 13:10:04,28.49,74.11
2025-09-22 13:10:06,18.38,75.19
2025-09-22 13:10:08,27.51,47.09
2025-09-22 13:10:10,25.27,48.34
2025-09-22 13:10:12,25.1,43.89
2025-09-22 13:10:14,22.4,53.08
2025-09-22 13:10:16,20.24,77.39
2025-09-22 13:10:18,26.21,73.71
2025-09-22 13:10:20,29.75,63.1
2025-09-22 13:10:22,25.48,62.02
2025-09-22 13:10:24,24.12,79.07
2025-09-22 13:10:26,24.03,77.68
2025-09-22 13:10:28,28.1,48.95
2025-09-22 13:10:30,26.44,42.13
2025-09-22 13:10:32,23.96,74.91
2025-09-22 13:10:34,29.9,47.16
2025-09-22 13:10:36,20.86,50.68
2025-09-22 13:10:38,22.8,62.76
2025-09-22 13:10:40,26.05,70.82
2025-09-22 13:10:42,22.54,62.09
2025-09-22 13:10:44,25.64,49.78
2025-09-22 13:10:46,24.82,41.61
2025-09-22 13:10:48,26.59,50.49
2025-09-22 13:10:50,18.18,63.08
2025-09-22 13:10:52,28.41,63.18
2025-09-22 13:10:54,19.86,67.55
2025-09-22 13:10:56,23.25,60.71
2025-09-22 13:10:58,23.78,66.55
2025-09-22 13:11:00,25.63,47.57
2025-09-22 13:11:02,25.55,66.68
2025-09-22 13:11:04,27.7,66.77
2025-09-22 13:11:06,28.46,59.81
2025-09-22 13:11:08,21.06,61.17
2025-09-22 13:11:10,26.09,75.65
2025-09-22 13:11:12,23.3,55.41
2025-09-22 13:11:14,25.14,48.3
2025-09-22 13:11:16,27.02,60.8
2025-09-22 13:11:18,25.6,73.18
2025-09-22 13:11:20,23.31,64.85
2025-09-22 13:11:22,21.55,56.92
2025-09-22 13:11:24,18.97,40.62
2025-09-22 13:11:26,23.22,53.53
2025-09-22 13:11:28,20.99,62.2
2025-09-22 13:11:30,23.66,53.62
2025-09-22 13:11:32,22.54,54.92
2025-09-22 13:11:34,21.2,75.55
2025-09-22 13:11:36,21.21,45.38
2025-09-22 13:11:38,25.26,66.25
2025-09-22 13:11:40,22.58,49.8
2025-09-22 13:11:42,21.2,49.82
2025-09-22 13:11:44,22.69,72.45
2025-09-22 13:11:46,19.35,44.22
2025-09-22 13:11:48,22.82,50.35
2025-09-22 13:11:50,24.71,68.11
2025-09-22 13:11:52,25.81,46.6
2025-09-22 13:11:54,26.65,50.95
2025-09-22 13:11:56,21.51,46.89
2025-09-22 13:11:58,19.81,74.6
2025-09-22 13:12:00,20.09,43.56
2025-09-22 13:12:02,27.06,69.13
2025-09-22 13:12:04,18.77,59.25
2025-09-22 13:12:06,20.39,40.58
2025-09-22 13:12:08,22.72,51.13
2025-09-22 13:12:10,27.01,73.15
2025-09-22 13:12:12,24.21,62.93
2025-09-22 13:12:14,29.49,63.68
2025-09-22 13:12:16,27.13,50.84
2025-09-22 13:12:18,28.71,44.85
2025-09-22 13:12:20,21.59,62.04
2025-09-22 13:12:22,18.3,50.12
2025-09-22 13:12:24,29.98,65.26
2025-09-22 13:12:26,22.13,70.93
2025-09-22 13:12:28,18.34,49.27
2025-09-22 13:12:30,25.56,61.53
2025-09-22 13:12:32,18.75,40.77
2025-09-22 13:12:34,29.56,66.83
2025-09-22 13:12:36,25.07,66.09
2025-09-22 13:12:38,20.09,65.2
2025-09-22 13:12:40,21.27,49.36
2025-09-22 13:12:42,23.76,50.53
2025-09-22 13:12:44,18.22,76.2
2025-09-22 13:12:46,21.46,41.4
2025-09-22 13:12:48,25.03,64.52
2025-09-22 13:12:50,29.02,58.9
2025-09-22 13:12:52,20.86,54.01
2025-09-22 13:12:54,25.64,44.06
2025-09-22 13:12:56,18.19,42.34
2025-09-22 13:12:58,24.06,40.0
2025-09-22 13:13:00,24.3,53.82
2025-09-22 13:13:02,28.46,54.41
2025-09-22 13:13:04,21.75,78.71
2025-09-22 13:13:06,22.23,76.14
2025-09-22 13:13:08,26.12,46.26
2025-09-22 13:13:10,29.4,41.99
2025-09-22 13:13:12,23.32,66.69
2025-09-22 13:13:14,24.36,74.86
2025-09-22 13:13:16,24.35,60.35
2025-09-22 13:13:18,26.38,49.07
2025-09-22 13:13:20,21.91,74.37
2025-09-22 13:13:22,23.52,52.09
2025-09-22 13:13:24,23.78,68.75
2025-09-22 13:13:26,20.19,40.39
2025-09-22 13:13:28,20.49,51.82
2025-09-22 13:13:30,19.94,49.05
2025-09-22 13:13:32,22.99,68.04
2025-09-22 13:13:34,25.79,44.47
2025-09-22 13:13:36,24.39,54.89
2025-09-22 13:13:38,21.65,79.91
2025-09-22 13:13:40,26.57,40.25
2025-09-22 13:13:42,21.4,58.05
2025-09-22 13:13:44,21.99,61.7
2025-09-22 13:13:46,20.25,69.1
2025-09-22 13:13:48,27.99,47.2
2025-09-22 13:13:50,29.27,65.54
2025-09-22 13:13:52,23.29,49.2
2025-09-22 13:13:54,24.38,69.98
2025-09-22 13:13:56,19.49,78.68
2025-09-22 13:13:58,23.4,56.9
2025-09-22 13:14:00,28.14,58.01
2025-09-22 13:14:02,18.38,54.27
2025-09-22 13:14:04,28.1,77.95
2025-09-22 13:14:06,26.1,57.52
2025-09-22 13:14:08,29.25,61.47
2025-09-22 13:14:10,25.36,75.95
2025-09-22 13:14:12,22.94,47.16
2025-09-22 13:14:14,26.01,64.07
2025-09-22 13:14:16,18.76,72.89
2025-09-22 13:14:18,21.29,42.07
2025-09-22 13:14:20,21.34,61.36
2025-09-22 13:14:22,27.92,68.61
2025-09-22 13:14:24,23.69,52.75
2025-09-22 13:14:26,26.27,78.31
2025-09-22 13:14:28,21.58,46.87
2025-09-22 13:14:30,22.17,66.23
2025-09-22 13:14:32,23.82,77.99
2025-09-22 13:14:34,25.82,79.46
2025-09-22 13:14:36,28.5,40.11
2025-09-22 13:14:38,27.79,67.38
2025-09-22 13:14:40,23.35,46.66
2025-09-22 13:14:42,26.94,67.66
2025-09-22 13:14:44,26.59,72.12
2025-09-22 13:14:46,28.95,65.61
2025-09-22 13:14:48,18.57,47.08
2025-09-22 13:14:50,29.37,69.05
2025-09-22 13:14:52,18.75,66.02
2025-09-22 13:14:54,25.69,43.28
2025-09-22 13:14:56,19.82,43.99
2025-09-22 13:14:58,24.89,70.52
2025-09-22 13:15:00,26.57,64.11
2025-09-22 13:15:02,22.66,51.26
2025-09-22 13:15:04,19.22,61.67
2025-09-22 13:15:06,19.02,57.5
2025-09-22 13:15:08,26.41,55.34
2025-09-22 13:15:10,23.02,74.49
2025-09-22 13:15:12,19.57,79.46
2025-09-22 13:15:14,23.7,52.16
2025-09-22 13:15:16,21.81,65.48
2025-09-22 13:15:18,24.52,46.23
2025-09-22 13:15:20,19.01,60.33
2025-09-22 13:15:22,22.48,68.2
2025-09-22 13:15:24,24.51,61.33
2025-09-22 13:15:26,28.54,45.46
2025-09-22 13:15:28,22.96,77.15
2025-09-22 13:15:30,21.33,43.15
2025-09-22 13:15:32,20.48,72.41
2025-09-22 13:15:34,25.24,63.17
2025-09-22 13:15:36,24.1,58.52
2025-09-22 13:15:38,23.39,70.37
2025-09-22 13:15:40,22.92,57.96
2025-09-22 13:15:42,19.91,54.0
2025-09-22 13:15:44,18.07,71.88
2025-09-22 13:15:46,21.56,66.33
2025-09-22 13:15:48,18.38,44.8
2025-09-22 13:15:50,26.91,69.71
2025-09-22 13:15:52,27.37,62.23
2025-09-22 13:15:54,20.55,69.52
2025-09-22 13:15:56,18.71,77.49
2025-09-22 13:15:58,26.77,76.07
2025-09-22 13:16:00,20.79,41.1
2025-09-22 13:16:02,26.94,43.03
2025-09-22 13:16:04,18.66,47.99
2025-09-22 13:16:06,28.76,76.88
2025-09-22 13:16:08,19.02,45.51
2025-09-22 13:16:10,18.38,75.64
2025-09-22 13:16:12,19.52,68.24
2025-09-22 13:16:14,19.11,50.65
2025-09-22 13:16:16,18.85,79.0
2025-09-22 13:16:18,22.05,53.42
2025-09-22 13:16:20,27.36,56.25
2025-09-22 13:16:22,24.38,51.96
2025-09-22 13:16:24,19.76,63.59
2025-09-22 13:16:26,29.52,65.72
2025-09-22 13:16:28,28.17,44.3
2025-09-22 13:16:30,18.38,69.84
2025-09-22 13:16:32,20.7,48.28
2025-09-22 13:16:34,25.1,55.16
2025-09-22 13:16:36,26.07,64.96
2025-09-22 13:16:38,29.36,72.66
2025-09-22 13:16:40,19.35,46.51
2025-09-22 13:16:42,23.83,43.58
2025-09-22 13:16:44,22.81,43.81
2025-09-22 13:16:46,23.05,56.48
2025-09-22 13:16:48,18.78,50.93
2025-09-22 13:16:50,20.32,45.94
2025-09-22 13:16:52,20.48,54.18
2025-09-22 13:16:54,23.89,59.92
2025-09-22 13:16:56,27.66,56.95
2025-09-22 13:16:58,24.9,45.13
2025-09-22 13:17:00,19.5,72.17
2025-09-22 13:17:02,26.56,69.33
2025-09-22 13:17:04,22.7,78.86
2025-09-22 13:17:06,29.2,49.65
2025-09-22 13:17:08,22.17,64.64
2025-09-22 13:17:10,25.08,72.48
2025-09-22 13:17:12,18.46,66.99
2025-09-22 13:17:14,25.08,40.96
2025-09-22 13:17:16,29.76,41.12
2025-09-22 13:17:18,22.58,50.48
2025-09-22 13:17:20,27.92,50.89
2025-09-22 13:17:22,28.62,60.89
2025-09-22 13:17:24,25.12,47.61
2025-09-22 13:17:26,27.03,60.57
2025-09-22 13:17:28,27.36,69.31
2025-09-22 13:17:30,25.76,61.09
2025-09-22 13:17:32,21.59,56.09
2025-09-22 13:17:34,20.73,60.72
2025-09-22 13:17:36,23.82,73.69
2025-09-22 13:17:38,23.96,64.57
2025-09-22 13:17:40,25.76,58.95
2025-09-22 13:17:42,25.44,47.24
2025-09-22 13:17:44,28.09,44.41
2025-09-22 13:17:46,27.9,52.17
2025-09-22 13:17:48,20.8,60.82
2025-09-22 13:17:50,21.66,43.56
2025-09-22 13:17:52,19.55,60.99
2025-09-22 13:17:54,20.88,43.82
2025-09-22 13:17:56,20.19,67.8
2025-09-22 13:17:58,21.43,67.16
2025-09-22 13:18:00,25.67,77.51
2025-09-22 13:18:02,19.69,63.99
2025-09-22 13:18:04,18.01,78.34
2025-09-22 13:18:06,20.76,68.63
2025-09-22 13:18:08,19.49,78.19
2025-09-22 13:18:10,18.66,40.31
2025-09-22 13:18:12,26.04,48.9
2025-09-22 13:18:14,18.45,69.84
2025-09-22 13:18:16,21.14,57.98
2025-09-22 13:18:18,27.52,72.44
2025-09-22 13:18:20,19.13,41.98
2025-09-22 13:18:22,27.26,71.96
2025-09-22 13:18:24,28.52,79.15
2025-09-22 13:18:26,28.95,43.52
2025-09-22 13:18:28,18.06,41.91
2025-09-22 13:18:30,26.59,62.02
2025-09-22 13:18:32,22.53,68.19
2025-09-22 13:18:34,29.0,67.73
2025-09-22 13:18:36,24.32,67.19
2025-09-22 13:18:38,18.38,62.9
2025-09-22 13:18:40,21.43,77.41
2025-09-22 13:18:42,24.29,68.6
2025-09-22 13:18:44,27.95,77.15
2025-09-22 13:18:46,24.72,59.38
2025-09-22 13:18:48,28.96,48.83
2025-09-22 13:18:50,22.52,72.25
2025-09-22 13:18:52,25.45,72.8
2025-09-22 13:18:54,23.9,50.78
2025-09-22 13:18:56,26.49,53.13
2025-09-22 13:18:58,27.65,71.22
2025-09-22 13:19:00,22.52,70.81
2025-09-22 13:19:02,24.48,56.45
2025-09-22 13:19:04,22.84,60.24
2025-09-22 13:19:06,22.15,64.59
2025-09-22 13:19:08,18.51,74.66
2025-09-22 13:19:10,24.21,65.94
2025-09-22 13:19:12,20.73,58.85
2025-09-22 13:19:14,27.74,76.44
2025-09-22 13:19:16,23.94,63.83
2025-09-22 13:19:18,23.46,57.96
2025-09-22 13:19:20,28.7,47.82
2025-09-22 13:19:22,29.54,70.73
2025-09-22 13:19:24,22.74,74.05
2025-09-22 13:19:26,24.19,66.04
2025-09-22 13:19:28,28.19,69.93
2025-09-22 13:19:30,22.81,60.84
2025-09-22 13:19:32,23.27,69.36
2025-09-22 13:19:34,20.47,50.28
2025-09-22 13:19:36,27.24,66.54
2025-09-22 13:19:38,19.8,69.54
2025-09-22 13:19:40,23.04,53.25
2025-09-22 13:19:42,26.62,59.82
2025-09-22 13:19:44,24.18,72.98
2025-09-22 13:19:46,18.38,62.17
2025-09-22 13:19:48,29.29,73.42
2025-09-22 13:19:50,26.12,59.59
2025-09-22 13:19:52,18.54,60.51
2025-09-22 13:19:54,22.43,79.56
2025-09-22 13:19:56,26.04,42.37
2025-09-22 13:19:58,19.27,52.93
2025-09-22 13:20:00,29.89,50.6
2025-09-22 13:20:02,26.31,56.79
2025-09-22 13:20:04,23.72,44.28
2025-09-22 13:20:06,27.68,48.67
2025-09-22 13:20:08,18.62,67.44
2025-09-22 13:20:10,18.19,53.2
2025-09-22 13:20:12,20.22,71.39
2025-09-22 13:20:14,20.29,42.35
2025-09-22 13:20:16,26.27,53.96
2025-09-22 13:20:18,28.16,58.37
2025-09-22 13:20:20,27.52,51.61
2025-09-22 13:20:22,26.66,70.58
2025-09-22 13:20:24,27.76,44.46
2025-09-22 13:20:26,29.32,40.63
2025-09-22 13:20:28,22.9,49.55
2025-09-22 13:20:30,21.67,40.83
2025-09-22 13:20:32,19.77,59.59
2025-09-22 13:20:34,19.5,75.4
2025-09-22 13:20:36,20.94,41.87
2025-09-22 13:20:38,29.95,58.23
2025-09-22 13:20:40,18.56,45.75
2025-09-22 13:20:42,25.62,78.7
2025-09-22 13:20:44,19.34,49.44
2025-09-22 13:20:46,21.65,64.89
2025-09-22 13:20:48,26.91,64.59
2025-09-22 13:20:50,20.16,72.7
2025-09-22 13:20:52,26.64,57.3
2025-09-22 13:20:54,26.57,49.12
2025-09-22 13:20:56,28.99,75.8
2025-09-22 13:20:58,21.05,61.5
2025-09-22 13:21:00,19.06,79.56
2025-09-22 13:21:02,26.15,51.58
2025-09-22 13:21:04,21.99,63.05
2025-09-22 13:21:06,24.73,64.6
2025-09-22 13:21:08,21.98,57.47
2025-09-22 13:21:10,22.81,40.88
2025-09-22 13:21:12,23.41,71.89
2025-09-22 13:21:14,27.43,51.76
2025-09-22 13:21:16,22.77,78.18
2025-09-22 13:21:18,20.89,51.27
2025-09-22 13:21:20,23.74,77.24
2025-09-22 13:21:22,22.88,78.38
2025-09-22 13:21:24,20.26,44.33
2025-09-22 13:21:26,29.47,64.97
2025-09-22 13:21:28,29.63,73.12
2025-09-22 13:21:30,20.74,78.6
2025-09-22 13:21:32,21.73,71.03
2025-09-22 13:21:34,18.15,49.16
2025-09-22 13:21:36,29.81,75.54
2025-09-22 13:21:38,28.92,52.81
2025-09-22 13:21:40,25.16,79.53
2025-09-22 13:21:42,19.55,45.57
2025-09-22 13:21:44,24.97,53.62
2025-09-22 13:21:46,25.64,51.85
2025-09-22 13:21:48,27.17,77.51
2025-09-22 13:21:50,28.57,77.03
2025-09-22 13:21:52,28.47,70.69
2025-09-22 13:21:54,26.64,48.83
2025-09-22 13:21:56,27.14,69.52
2025-09-22 13:21:58,18.23,40.72
2025-09-22 13:22:00,29.42,45.43
2025-09-22 13:22:02,24.89,40.62
2025-09-22 13:22:04,29.18,45.4
2025-09-22 13:22:06,19.23,73.15
2025-09-22 13:22:08,25.38,62.25
2025-09-22 13:22:10,23.2,74.7
2025-09-22 13:22:12,29.96,47.51
2025-09-22 13:22:14,21.97,76.38
2025-09-22 13:22:16,22.8,73.8
2025-09-22 13:22:18,27.48,44.81
2025-09-22 13:22:20,25.41,63.62
2025-09-22 13:22:22,22.87,46.25
2025-09-22 13:22:24,25.42,56.73
2025-09-22 13:22:26,25.3,45.75
2025-09-22 13:22:28,22.89,40.77
2025-09-22 13:22:30,25.88,68.55
2025-09-22 13:22:32,29.36,40.05
2025-09-22 13:22:34,25.56,69.4
2025-09-22 13:22:36,25.88,55.83
2025-09-22 13:22:38,20.09,41.77
2025-09-22 13:22:40,23.29,74.84
2025-09-22 13:22:42,27.76,54.03
2025-09-22 13:22:44,26.06,63.29
2025-09-22 13:22:46,26.29,49.54
2025-09-22 13:22:48,19.22,58.88
2025-09-22 13:22:50,18.36,49.01
2025-09-22 13:22:52,18.54,71.12
2025-09-22 13:22:54,18.19,60.06
2025-09-22 13:22:56,26.77,47.89
2025-09-22 13:22:58,23.08,50.17
2025-09-22 13:23:00,29.32,58.05
2025-09-22 13:23:02,22.99,44.5
2025-09-22 13:23:04,23.35,60.66
2025-09-22 13:23:06,28.21,51.68
2025-09-22 13:23:08,29.0,43.14
2025-09-22 13:23:10,18.47,59.29
2025-09-22 13:23:12,18.8,63.7
2025-09-22 13:23:14,28.81,52.19
2025-09-22 13:23:16,18.41,66.21
2025-09-22 13:23:18,27.85,73.88
2025-09-22 13:23:20,28.51,48.65
2025-09-22 13:23:22,23.49,46.77
2025-09-22 13:23:24,27.39,77.81
2025-09-22 13:23:26,28.53,56.15
2025-09-22 13:23:28,27.91,58.83
2025-09-22 13:23:30,24.84,54.19
2025-09-22 13:23:32,24.19,70.33
2025-09-22 13:23:34,29.28,72.58
2025-09-22 13:23:36,22.02,67.02
2025-09-22 13:23:38,24.84,60.7
2025-09-22 13:23:40,28.89,49.97
2025-09-22 13:23:42,19.68,53.02
2025-09-22 13:23:44,27.88,43.76
2025-09-22 13:23:46,25.82,69.81
2025-09-22 13:23:48,20.57,77.36
2025-09-22 13:23:50,20.95,60.73
2025-09-22 13:23:52,23.41,71.43
2025-09-22 13:23:54,18.02,47.16
2025-09-22 13:23:56,29.96,65.47
2025-09-22 13:23:58,27.96,51.05
2025-09-22 13:24:00,19.07,45.95
2025-09-22 13:24:02,24.24,61.01
2025-09-22 13:24:04,18.43,62.97
2025-09-22 13:24:06,22.87,64.87
2025-09-22 13:24:08,20.87,61.41
2025-09-22 13:24:10,23.49,69.08
2025-09-22 13:24:12,28.02,74.54
2025-09-22 13:24:14,29.42,67.15
2025-09-22 13:24:16,29.69,56.86
2025-09-22 13:24:18,18.1,41.74
2025-09-22 13:40:01,27.3,52.76
2025-09-22 13:40:03,22.28,63.53
2025-09-22 13:40:05,26.55,52.96
2025-09-22 15:40:03,29.93,66.08
2025-09-22 15:40:06,18.8,40.27
2025-09-22 15:40:08,26.66,65.7
2025-09-22 15:40:10,22.09,42.95
2025-09-22 15:40:12,27.16,60.66
2025-09-22 15:40:14,27.07,54.19
2025-09-23 17:41:14,23.53,62.63
2025-09-23 17:41:16,24.95,44.59
2025-09-23 17:41:18,25.94,71.68
2025-09-23 17:41:20,19.78,69.26
2025-09-23 17:41:22,22.01,74.53
2025-09-23 17:41:24,21.06,57.44
2025-09-23 17:41:26,21.17,54.87
2025-09-23 17:41:28,26.0,66.65
2025-09-23 17:41:30,26.93,74.05
2025-09-23 17:41:32,22.01,52.26
2025-09-23 17:41:34,28.48,60.08
2025-09-23 17:41:36,23.27,44.9
2025-09-23 17:41:38,26.25,77.87
2025-09-23 17:41:40,25.11,73.08
2025-09-23 17:41:42,27.62,48.21
2025-09-23 17:41:44,28.06,60.74
2025-09-23 17:41:46,26.28,71.74
2025-09-23 17:41:48,18.52,45.97
2025-09-23 17:41:50,29.0,79.2
2025-09-23 17:41:52,19.83,42.15
2025-09-23 17:41:54,22.77,75.74
2025-09-23 17:41:56,18.52,70.85
2025-09-23 17:41:58,27.07,60.83
2025-09-23 17:42:00,18.85,50.04
2025-09-23 17:42:02,25.2,54.56
2025-09-23 17:42:04,24.0,72.38
2025-09-23 17:42:06,26.64,46.8
2025-09-23 17:42:08,19.93,79.1
2025-09-23 17:42:10,25.54,40.65
2025-09-23 17:42:12,21.51,63.36
2025-09-23 17:42:14,22.76,67.75
2025-09-23 17:42:16,25.44,42.73
2025-09-23 17:42:18,29.63,69.6
2025-09-23 17:42:20,21.9,45.9
2025-09-23 17:42:22,26.73,68.65
2025-09-23 17:42:24,27.48,52.65
2025-09-23 17:42:26,23.34,54.01
2025-09-23 17:42:28,24.47,78.12
2025-09-23 17:42:30,23.66,53.03
2025-09-23 17:42:32,28.09,74.08
2025-09-23 17:42:34,29.78,76.26
2025-09-23 17:42:36,28.85,56.61
2025-09-23 17:42:38,28.87,45.3
2025-09-23 17:42:40,26.66,59.54
2025-09-23 17:42:42,20.57,74.09
2025-09-23 17:42:44,25.53,47.07
2025-09-23 17:42:46,29.41,64.61
2025-09-23 17:42:48,20.12,67.59
2025-09-23 17:42:50,25.03,77.76
2025-09-23 17:42:52,24.48,51.19
2025-09-23 17:42:54,28.18,72.1
2025-09-23 17:42:56,25.34,41.32
2025-09-23 17:42:58,21.93,57.34
2025-09-23 17:43:00,18.92,45.82
2025-09-23 17:43:02,26.01,56.66
2025-09-23 17:43:04,23.6,70.91
2025-09-23 17:43:06,26.95,60.02
2025-09-23 17:43:08,20.3,64.79
2025-09-23 17:43:10,19.71,64.41
2025-09-23 17:43:12,18.35,68.65
2025-09-23 17:43:14,23.63,65.33
2025-09-23 17:43:16,23.92,55.54
2025-09-23 17:43:18,20.91,51.68
2025-09-23 17:43:20,26.03,48.41
2025-09-23 17:43:22,20.51,48.55
2025-09-23 17:43:24,25.09,43.08
2025-09-23 17:43:26,22.58,55.29
2025-09-23 17:43:28,22.73,51.81
2025-09-23 17:43:30,19.47,72.09
2025-09-23 17:43:32,21.65,67.68
2025-09-23 17:43:34,18.54,49.86
2025-09-23 17:43:36,20.14,45.61
2025-09-23 17:43:38,25.2,76.07
2025-09-23 17:43:40,23.75,56.19
2025-09-23 17:43:42,18.08,61.5
2025-09-23 17:43:44,22.55,43.1
2025-09-23 17:43:46,27.71,72.58
2025-09-23 17:43:48,19.5,60.11
2025-09-23 17:43:50,28.01,56.6
2025-09-23 17:43:52,23.01,57.28
2025-09-23 17:43:54,18.09,54.98
2025-09-23 17:43:56,26.53,58.73
2025-09-23 17:43:58,25.64,50.62
2025-09-23 17:44:00,27.04,63.97
2025-09-23 17:44:02,23.1,72.21
2025-09-23 17:44:04,18.13,61.49
2025-09-23 17:44:06,25.03,51.94
2025-09-23 17:44:08,23.65,42.62
2025-09-23 17:44:10,19.93,57.49
2025-09-23 17:44:12,19.15,65.76
2025-09-23 17:44:14,19.05,54.24
2025-09-23 17:44:16,28.88,45.49
2025-09-23 17:44:18,18.7,74.67
2025-09-23 17:44:20,26.07,63.98
2025-09-23 17:44:22,29.91,53.01
2025-09-23 17:44:24,29.03,67.24
2025-09-23 17:44:26,27.66,46.42
2025-09-23 17:44:28,18.77,45.62
2025-09-23 17:44:30,20.56,45.19
2025-09-23 17:44:32,27.67,53.6
2025-09-23 17:44:34,24.59,78.28
2025-09-23 17:44:36,25.12,75.34
2025-09-23 17:44:38,18.66,69.01
2025-09-23 17:44:40,20.83,76.89
2025-09-23 17:44:42,26.1,72.87
2025-09-23 17:44:44,23.5,77.16
2025-09-23 17:44:46,19.25,67.26
2025-09-23 17:44:48,28.53,68.84
2025-09-23 17:44:50,26.69,54.57
2025-09-23 17:44:52,19.75,44.28
2025-09-23 17:44:54,28.87,71.08
2025-09-23 17:44:56,25.89,79.8
2025-09-23 17:44:58,23.01,43.58
2025-09-23 17:45:00,28.6,48.24
2025-09-23 17:45:02,18.19,40.47
2025-09-23 17:45:04,27.24,69.79
2025-09-23 17:45:06,20.88,76.16
2025-09-23 17:45:08,20.74,63.76
2025-09-23 17:45:10,18.2,56.83
2025-09-23 17:45:12,26.27,42.35
2025-09-23 17:45:14,24.53,46.76
2025-09-23 17:45:16,18.35,57.56
2025-09-23 17:45:18,20.97,52.3
2025-09-23 17:45:20,23.36,63.21
2025-09-23 17:45:22,21.52,63.55
2025-09-23 17:45:24,24.05,52.22
2025-09-23 17:45:26,19.19,75.44
2025-09-23 17:45:28,25.93,64.31
2025-09-23 17:45:30,22.32,69.1
2025-09-23 17:45:32,26.3,53.19
2025-09-23 17:45:34,19.37,51.11
2025-09-23 17:45:36,18.32,62.84
2025-09-23 17:45:38,21.52,78.58
2025-09-23 17:45:40,26.37,46.82
2025-09-23 17:45:42,22.77,77.04
2025-09-23 17:45:44,28.96,58.25
2025-09-23 17:45:46,27.93,41.66
2025-09-23 17:45:48,27.5,63.33
2025-09-23 17:45:50,27.05,50.71
2025-09-23 17:45:52,27.42,50.85
2025-09-23 17:45:54,23.27,73.12
2025-09-23 17:45:56,25.24,74.29
2025-09-23 17:45:58,22.4,42.3
2025-09-23 17:46:00,18.47,67.49
2025-09-23 17:46:02,20.27,69.96
2025-09-23 17:46:04,28.84,46.14
2025-09-23 17:46:06,28.35,79.08
2025-09-23 17:46:08,20.46,67.18
2025-09-23 17:46:10,28.08,75.69
2025-09-23 17:46:12,25.44,43.33
2025-09-23 17:46:14,22.48,59.37
2025-09-23 17:46:16,26.63,47.46
2025-09-23 17:46:18,18.49,76.12
2025-09-23 17:46:20,29.0,68.18
2025-09-23 17:46:22,29.33,53.4
2025-09-23 17:46:24,22.78,42.58
2025-09-23 17:46:26,21.82,68.01
2025-09-23 17:46:28,19.28,47.72
2025-09-23 17:46:30,20.44,63.46
2025-09-23 17:46:32,23.39,75.01
2025-09-23 17:46:34,27.03,44.26
2025-09-23 17:46:36,24.56,61.6
2025-09-23 17:46:38,24.23,69.43
2025-09-23 17:46:40,19.09,59.11
2025-09-23 17:46:42,19.33,79.57
2025-09-23 17:46:44,25.8,62.28
2025-09-23 17:46:46,23.26,69.86
2025-09-23 17:46:48,19.85,51.96
2025-09-23 17:46:50,28.75,66.72
2025-09-23 17:46:52,23.82,49.07
2025-09-23 17:46:54,26.23,51.72
2025-09-23 17:46:56,28.79,47.02
2025-09-23 17:46:58,22.75,73.93
2025-09-23 17:47:00,28.29,46.14
2025-09-23 17:47:02,27.6,48.98
2025-09-23 17:47:04,24.95,79.06
2025-09-23 17:47:06,18.82,59.52
2025-09-23 17:47:08,21.87,73.27
2025-09-23 17:47:10,28.79,61.78
2025-09-23 17:47:12,28.14,42.51
2025-09-23 17:47:14,28.04,62.85
2025-09-23 17:47:16,28.18,76.24
2025-09-23 17:47:18,22.03,53.18
2025-09-23 17:47:20,21.62,63.23
2025-09-23 17:47:22,20.88,53.79
2025-09-23 17:47:24,25.2,59.25
2025-09-23 17:47:26,19.14,52.37
2025-09-23 17:47:28,29.65,54.78
2025-09-23 17:47:30,28.03,72.54
2025-09-23 17:47:32,25.29,53.6
2025-09-23 17:47:34,21.45,71.2
2025-09-23 17:47:36,20.23,53.95
2025-09-23 17:47:38,21.42,77.35
2025-09-23 17:47:40,19.62,43.1
2025-09-23 17:47:42,18.03,74.31
2025-09-23 17:47:44,19.92,79.07
2025-09-23 17:47:46,20.97,62.45
2025-09-23 17:47:48,20.14,47.84
2025-09-23 17:47:50,28.76,60.66
2025-09-23 17:47:52,19.18,60.4
2025-09-23 17:47:54,25.35,45.75
2025-09-23 17:47:56,29.16,40.39
2025-09-23 17:47:58,25.25,51.62
2025-09-23 17:48:00,22.08,55.29
2025-09-23 17:48:02,18.2,50.44
2025-09-23 17:48:04,26.29,64.21
2025-09-23 17:48:06,24.08,57.19
2025-09-23 17:48:08,28.44,59.72
2025-09-23 17:48:10,28.86,70.25
2025-09-23 17:48:12,24.74,62.88
2025-09-23 17:48:14,24.91,45.87
2025-09-23 17:48:16,23.09,55.44
2025-09-23 17:48:18,29.82,49.48
2025-09-23 17:48:20,19.95,65.35
2025-09-23 17:48:22,25.19,68.91
2025-09-23 17:48:24,23.54,49.39
2025-09-23 17:48:26,27.45,42.77
2025-09-23 17:48:28,24.02,63.63
2025-09-23 17:48:30,29.48,71.4
2025-09-23 17:48:32,29.64,60.17
2025-09-23 17:48:34,22.03,42.35
2025-09-23 17:48:36,19.21,72.23
2025-09-23 17:48:38,27.47,55.52
2025-09-23 17:48:40,25.99,67.72
2025-09-23 17:48:42,20.61,46.83
2025-09-23 17:48:44,18.45,50.28
2025-09-23 17:48:46,18.75,46.26
2025-09-23 17:48:48,19.3,48.78
2025-09-23 17:48:50,18.2,46.85
2025-09-23 17:48:52,29.8,79.82
2025-09-23 17:48:54,20.65,66.5
2025-09-23 17:48:56,21.12,75.43
2025-09-23 17:48:58,20.85,43.63
2025-09-23 17:49:00,25.61,47.26
2025-09-23 17:49:02,26.67,76.18
2025-09-23 17:49:04,28.37,75.97
2025-09-23 17:49:06,30.0,79.6
2025-09-23 17:49:08,21.63,62.99
2025-09-23 17:49:10,24.03,48.34
2025-09-23 17:49:12,22.85,66.65
2025-09-23 17:49:14,25.94,40.98
2025-09-23 17:49:16,21.26,74.25
2025-09-23 17:49:18,27.55,65.61
2025-09-23 17:49:20,27.45,42.28
2025-09-23 17:49:22,28.68,44.57
2025-09-23 17:49:24,19.27,68.03
2025-09-23 17:49:26,24.37,76.36
2025-09-23 17:49:28,22.29,69.05
2025-09-23 17:49:30,27.41,55.0
2025-09-23 17:49:32,25.83,79.68
2025-09-23 17:49:34,22.87,62.47
2025-09-23 17:49:36,19.39,53.62
2025-09-23 17:49:38,18.46,76.17
2025-09-23 17:49:40,21.5,69.24
2025-09-23 17:49:42,18.8,68.72
2025-09-23 17:49:44,21.86,60.15
2025-09-23 17:49:46,18.77,56.51
2025-09-23 17:49:48,25.3,41.36
2025-09-23 17:49:50,29.89,61.16
2025-09-23 17:49:52,19.47,40.06
2025-09-23 17:49:54,28.11,56.67
2025-09-23 17:49:56,28.02,76.62
2025-09-23 17:49:58,26.13,61.12
2025-09-23 17:50:00,20.25,73.69
2025-09-23 17:50:02,25.43,46.0
2025-09-23 17:50:04,24.59,59.87
2025-09-23 17:50:06,27.62,75.42
2025-09-23 17:50:08,23.56,69.51
2025-09-23 17:50:10,18.79,65.92
2025-09-23 17:50:12,20.87,42.52
2025-09-23 17:50:14,19.75,78.03
2025-09-23 17:50:16,27.03,58.48
2025-09-23 17:50:18,29.04,58.75
2025-09-23 17:50:20,26.36,45.77
2025-09-23 17:50:22,27.38,62.54
2025-09-23 17:50:24,26.7,71.44
2025-09-23 17:50:26,18.02,50.64
2025-09-23 17:50:28,19.96,67.17
2025-09-23 17:50:30,21.26,48.5
2025-09-23 17:50:32,19.21,68.23
2025-09-23 17:50:34,22.37,78.93
2025-09-23 17:50:36,20.03,44.6
2025-09-23 17:50:38,22.11,71.46
2025-09-23 17:50:40,28.97,51.62
2025-09-23 17:50:42,20.08,63.91
2025-09-23 17:50:44,21.06,73.6
2025-09-23 17:50:46,22.87,74.21
2025-09-23 17:50:48,24.71,76.57
2025-09-23 17:50:50,22.9,60.08
2025-09-23 17:50:52,26.49,63.45
2025-09-23 17:50:54,28.48,43.55
2025-09-23 17:50:56,25.24,54.69
2025-09-23 17:50:58,23.67,49.7
2025-09-23 17:51:00,26.72,54.87
2025-09-23 17:51:02,20.93,55.63
2025-09-23 17:51:04,21.92,55.49
2025-09-23 17:51:06,22.29,57.45
2025-09-23 17:51:08,24.16,43.23
2025-09-23 17:51:10,22.92,43.46
2025-09-23 17:51:12,23.14,45.98
2025-09-23 17:51:14,27.74,44.19
2025-09-23 17:51:16,27.09,59.06
2025-09-23 17:51:18,18.66,77.08
2025-09-23 17:51:20,26.93,56.68
2025-09-23 17:51:22,26.45,50.75
2025-09-23 17:51:24,18.48,59.07
2025-09-23 17:51:26,27.9,71.86
2025-09-23 17:51:28,25.36,51.56
2025-09-23 17:51:30,20.11,73.44
2025-09-23 17:51:32,29.74,69.5
2025-09-23 17:51:34,21.03,42.08
2025-09-23 17:51:36,18.08,49.22
2025-09-23 17:51:38,20.09,49.64
2025-09-23 17:51:40,21.06,49.18
2025-09-23 17:51:42,19.76,66.99
2025-09-23 17:51:44,21.19,78.9
2025-09-23 17:51:46,20.69,53.06
2025-09-23 17:51:48,24.9,56.42
2025-09-23 17:51:50,27.26,70.69
2025-09-23 17:51:52,21.48,70.88
2025-09-23 17:51:54,18.1,49.54
2025-09-23 17:51:56,21.48,79.81
2025-09-23 17:51:58,19.23,59.17
2025-09-23 17:52:00,20.48,61.38
2025-09-23 17:52:02,19.48,40.89
2025-09-23 17:52:04,18.71,73.93
2025-09-23 17:52:06,25.81,62.82
2025-09-23 17:52:08,23.71,75.3
2025-09-23 17:52:10,27.09,77.84
2025-09-23 17:52:12,22.48,43.01
2025-09-23 17:52:14,27.88,42.86
2025-09-23 17:52:16,21.93,59.62
2025-09-23 17:52:18,29.9,49.95
2025-09-23 17:52:20,29.84,47.81
2025-09-23 17:52:22,18.34,78.85
2025-09-23 17:52:24,18.18,42.8
2025-09-23 17:52:26,20.42,46.61
2025-09-23 17:52:28,22.18,42.04
2025-09-23 17:52:30,27.8,62.96
2025-09-23 17:52:32,26.52,51.86
2025-09-23 17:52:34,27.09,58.36
2025-09-23 17:52:36,24.57,57.55
2025-09-23 17:52:38,23.61,40.1
2025-09-23 17:52:40,26.08,53.43
2025-09-23 17:52:42,29.88,41.56
2025-09-23 17:52:44,18.22,68.02
2025-09-23 17:52:46,25.21,76.54
2025-09-23 17:52:48,29.25,73.1
2025-09-23 17:52:50,22.54,45.13
2025-09-23 17:52:52,18.28,63.51
2025-09-23 17:52:54,21.59,62.94
2025-09-23 17:52:56,21.79,71.4
2025-09-23 17:52:58,22.68,45.35
2025-09-23 17:53:00,26.24,55.33
2025-09-23 17:53:02,24.45,57.13
2025-09-23 17:53:04,18.44,69.06
2025-09-23 17:53:06,29.42,43.47
2025-09-23 17:53:08,28.14,77.23
2025-09-23 17:53:10,23.87,72.61
2025-09-23 17:53:12,18.85,65.74
2025-09-23 17:53:14,22.56,68.13
2025-09-23 17:53:16,23.35,51.73
2025-09-23 17:53:18,26.54,77.15
2025-09-23 17:53:20,27.75,67.22
2025-09-23 17:53:22,27.21,73.07
2025-09-23 17:53:24,28.72,49.81
2025-09-23 17:53:26,27.64,75.13
2025-09-23 17:53:28,26.38,75.63
2025-09-23 17:53:30,21.06,60.95
2025-09-23 17:53:32,29.13,65.38
2025-09-23 17:53:34,29.56,44.43
2025-09-23 17:53:36,24.54,67.82
2025-09-23 17:53:38,25.81,70.25
2025-09-23 17:53:40,20.16,48.42
2025-09-23 17:53:42,24.49,54.23
2025-09-23 17:53:44,26.89,55.06
2025-09-23 17:53:46,22.25,73.26
2025-09-23 17:53:48,22.77,48.0
2025-09-23 17:53:50,26.43,64.39
2025-09-23 17:53:52,29.31,59.87
2025-09-23 17:53:54,24.09,65.43
2025-09-23 17:53:56,27.21,71.0
2025-09-23 17:53:58,19.69,56.53
2025-09-23 17:54:00,29.46,56.54
2025-09-23 17:54:02,23.79,61.0
2025-09-23 17:54:04,28.65,62.75
2025-09-23 17:54:06,19.25,53.12
2025-09-23 17:54:08,25.93,43.31
2025-09-23 17:54:10,19.97,61.03
2025-09-23 17:54:12,29.88,40.78
2025-09-23 17:54:14,18.47,45.07
2025-09-23 17:54:16,25.27,56.93
2025-09-23 17:54:18,21.16,59.93
2025-09-23 17:54:20,22.96,60.97
2025-09-23 17:54:22,29.49,60.47
2025-09-23 17:54:24,27.52,47.78
2025-09-23 17:54:26,29.86,66.09
2025-09-23 17:54:28,22.52,69.96
2025-09-23 17:54:30,27.69,49.45
2025-09-23 17:54:32,20.08,65.27
2025-09-23 17:54:34,18.13,55.66
2025-09-23 17:54:36,24.11,78.27
2025-09-23 17:54:38,26.24,76.99
2025-09-23 17:54:40,21.22,59.12
2025-09-23 17:54:42,19.91,41.32
2025-09-23 17:54:44,22.11,45.95
2025-09-23 17:54:46,25.64,76.55
2025-09-23 17:54:48,21.08,59.94
2025-09-23 17:54:50,21.92,72.15
2025-09-23 17:54:52,21.02,40.16
2025-09-23 17:54:54,18.6,50.97
2025-09-23 17:54:56,21.49,78.79
2025-09-23 17:54:58,22.79,73.34
2025-09-23 17:55:00,18.85,44.55
2025-09-23 17:55:02,28.33,71.19
2025-09-23 17:55:04,18.99,69.61
2025-09-23 17:55:06,26.77,45.96
2025-09-23 17:55:08,25.21,61.6
2025-09-23 17:55:10,28.83,45.61
2025-09-23 17:55:12,27.11,49.44
2025-09-23 17:55:14,25.19,40.01
2025-09-23 17:55:16,20.45,46.31
2025-09-23 17:55:18,26.22,73.22
2025-09-23 17:55:20,18.05,57.37
2025-09-23 17:55:22,22.76,55.53
2025-09-23 17:55:24,29.59,41.39
2025-09-23 17:55:26,23.76,62.42
2025-09-23 17:55:28,21.67,47.36
2025-09-23 17:55:30,28.44,64.47
2025-09-23 17:55:32,21.48,69.57
2025-09-23 17:55:34,20.36,59.86
2025-09-23 17:55:36,20.06,75.83
2025-09-23 17:55:38,18.38,74.38
2025-09-23 17:55:40,28.31,41.57
2025-09-23 17:55:42,26.59,71.25
2025-09-23 17:55:44,27.31,68.1
2025-09-23 17:55:46,25.37,79.58
2025-09-23 17:55:48,26.44,48.64
2025-09-23 17:55:50,26.48,68.31
2025-09-23 17:55:52,18.16,77.37
2025-09-23 17:55:54,19.22,57.28
2025-09-23 17:55:56,26.35,42.06
2025-09-23 17:55:58,19.58,77.25
2025-09-23 17:56:00,28.08,69.27
2025-09-23 17:56:02,19.99,44.66
2025-09-23 17:56:04,26.23,73.92
2025-09-23 17:56:06,28.51,54.25
2025-09-23 17:56:08,19.47,78.57
2025-09-23 17:56:10,21.59,59.92
2025-09-23 17:56:12,18.33,52.36
2025-09-23 17:56:14,28.7,52.96
2025-09-23 17:56:16,23.26,46.6
2025-09-23 17:56:18,18.57,69.33
2025-09-23 17:56:20,24.92,47.75
2025-09-23 17:56:22,26.79,49.2
2025-09-23 17:56:24,24.05,51.64
2025-09-23 17:56:26,20.3,53.99
2025-09-23 17:56:28,21.57,64.03
2025-09-23 17:56:30,20.98,55.59
2025-09-23 17:56:32,19.27,56.38
2025-09-23 17:56:34,24.22,78.27
2025-09-23 17:56:36,19.57,65.33
2025-09-23 17:56:38,22.26,65.17
2025-09-23 17:56:40,27.17,79.06
2025-09-23 17:56:42,28.86,66.49
2025-09-23 17:56:44,21.36,55.7
2025-09-23 17:56:46,21.04,79.14
2025-09-23 17:56:48,26.99,45.54
2025-09-23 17:56:50,29.59,55.89
2025-09-23 17:56:52,25.94,65.11
2025-09-23 17:56:54,18.63,71.27
2025-09-23 17:56:56,29.15,51.29
2025-09-23 17:56:58,18.46,79.98
2025-09-23 17:57:00,23.6,45.07
2025-09-23 17:57:02,29.28,59.98
2025-09-23 17:57:04,21.52,44.59
2025-09-23 17:57:06,26.31,76.2
2025-09-23 17:57:08,26.5,74.37
2025-09-23 17:57:10,26.71,61.2
2025-09-23 17:57:12,20.05,41.33
2025-09-23 17:57:14,20.95,57.36
2025-09-23 17:57:16,18.06,69.19
2025-09-23 17:57:18,28.39,41.75
2025-09-23 17:57:20,20.26,49.38
2025-09-23 17:57:22,28.19,60.34
2025-09-23 17:57:24,23.9,50.61
2025-09-23 17:57:26,20.48,66.96
2025-09-23 17:57:28,19.78,78.95
2025-09-23 17:57:30,25.52,73.7
2025-09-23 17:57:32,18.63,53.55
2025-09-23 17:57:34,20.18,73.68
2025-09-23 17:57:36,28.62,65.92
2025-09-23 17:57:38,23.9,61.49
2025-09-23 17:57:40,29.42,43.35
2025-09-23 17:57:42,22.92,71.98
2025-09-23 17:57:44,18.92,52.22
2025-09-23 17:57:46,29.61,67.06
2025-09-23 17:57:48,20.96,54.04
2025-09-23 17:57:50,28.97,65.06
2025-09-23 17:57:52,25.53,44.34
2025-09-23 17:57:54,27.99,56.68
2025-09-23 17:57:56,18.51,56.26
2025-09-23 17:57:58,24.17,42.86
2025-09-23 17:58:00,19.74,44.6
2025-09-23 17:58:02,28.09,48.75
2025-09-23 17:58:04,25.35,78.48
2025-09-23 17:58:06,21.68,74.42
2025-09-23 17:58:08,19.48,79.98
2025-09-23 17:58:10,29.81,50.2
2025-09-23 17:58:12,20.57,52.77
2025-09-23 17:58:14,20.96,71.38
2025-09-23 17:58:16,29.37,77.63
2025-09-23 17:58:18,25.51,71.22
2025-09-23 17:58:20,21.66,60.66
2025-09-23 17:58:22,24.94,41.93
2025-09-23 17:58:24,28.67,77.43
2025-09-23 17:58:26,22.48,75.95
2025-09-23 17:58:28,26.93,58.55
2025-09-23 17:58:30,21.02,73.18
2025-09-23 17:58:32,22.89,64.46
2025-09-23 17:58:34,27.2,60.34
2025-09-23 17:58:36,28.22,55.62
2025-09-23 17:58:38,24.67,52.89
2025-09-23 17:58:40,26.44,73.81
2025-09-23 17:58:42,23.02,75.49
2025-09-23 17:58:44,29.0,65.54
2025-09-23 17:58:46,28.04,53.56
2025-09-23 17:58:48,21.92,73.48
2025-09-23 17:58:50,28.47,76.19
2025-09-23 17:58:52,27.98,79.71
2025-09-23 17:58:54,24.16,76.1
2025-09-23 17:58:56,21.08,79.37
2025-09-23 17:58:58,23.52,60.32
2025-09-23 17:59:00,21.66,63.51
2025-09-23 17:59:02,26.73,49.21
2025-09-23 17:59:04,22.26,54.91
2025-09-23 17:59:06,24.33,69.61
2025-09-23 17:59:08,25.63,59.87
2025-09-23 17:59:10,24.83,42.65
2025-09-23 17:59:12,20.8,51.04
2025-09-23 17:59:14,27.86,41.16
2025-09-23 17:59:16,18.12,73.56
2025-09-23 17:59:18,23.67,47.16
2025-09-23 17:59:20,22.68,63.95
2025-09-23 17:59:22,27.99,66.31
2025-09-23 17:59:24,29.99,79.97
2025-09-23 17:59:26,18.85,68.35
2025-09-23 17:59:28,28.63,66.42
2025-09-23 17:59:30,26.14,50.54
2025-09-23 17:59:32,29.32,40.29
2025-09-23 17:59:34,22.25,54.27
2025-09-23 17:59:36,21.96,56.97
2025-09-23 17:59:38,29.06,53.97
2025-09-23 17:59:40,27.23,55.14
2025-09-23 17:59:42,29.28,66.7
2025-09-23 17:59:44,27.45,48.2
2025-09-23 17:59:46,22.85,49.67
2025-09-23 17:59:48,29.09,77.02
2025-09-23 17:59:50,28.43,63.34
2025-09-23 17:59:52,27.38,69.04
2025-09-23 17:59:54,19.77,61.51
2025-09-23 17:59:56,27.04,42.36
2025-09-23 17:59:58,19.92,76.63
2025-09-23 18:00:00,28.49,55.64
2025-09-23 18:00:02,20.04,79.55
2025-09-23 18:00:04,19.98,51.95
2025-09-23 18:00:06,24.87,72.33
2025-09-23 18:00:08,23.92,52.2
2025-09-23 18:00:10,21.87,61.03
2025-09-23 18:00:12,26.79,45.95
2025-09-23 18:00:14,21.82,63.57
2025-09-23 18:00:16,22.5,74.48
2025-09-23 18:00:18,29.61,46.93
2025-09-23 18:00:20,22.2,70.67
2025-09-23 18:00:22,26.2,71.42
2025-09-23 18:00:24,25.11,45.69
2025-09-23 18:00:26,29.62,47.56
2025-09-23 18:00:28,18.33,49.32
2025-09-23 18:00:30,24.93,60.75
2025-09-23 18:00:32,24.83,74.43
2025-09-23 18:00:34,23.18,71.31
2025-09-23 18:00:36,18.69,50.27
2025-09-23 18:00:38,26.72,77.23
2025-09-23 18:00:40,18.04,43.2
2025-09-23 18:00:42,25.2,51.19
2025-09-23 18:00:44,24.62,45.53
2025-09-23 18:00:46,18.45,52.09
2025-09-23 18:00:48,25.16,71.94
2025-09-23 18:00:50,22.12,69.94
2025-09-23 18:00:52,25.2,53.47
2025-09-23 18:00:54,29.09,63.2
2025-09-23 18:00:56,27.82,63.99
2025-09-23 18:00:58,25.35,65.3
2025-09-23 18:01:00,26.1,51.16
2025-09-23 18:01:02,18.96,71.4
2025-09-23 18:01:04,21.97,70.6
2025-09-23 18:01:06,19.24,68.84
2025-09-23 18:01:08,18.43,61.61
2025-09-23 18:01:10,27.59,41.35
2025-09-23 18:01:12,28.45,61.92
2025-09-23 18:01:14,29.41,44.73
2025-09-23 18:01:16,26.84,73.57
2025-09-23 18:01:18,20.47,79.91
2025-09-23 18:01:20,21.69,60.9
2025-09-23 18:01:22,18.89,58.07
2025-09-23 18:01:24,20.21,74.42
2025-09-23 18:01:26,26.53,78.52
2025-09-23 18:01:28,22.82,67.49
2025-09-23 18:01:30,18.64,75.83
2025-09-23 18:01:32,28.84,69.35
2025-09-23 18:01:34,26.49,44.27
2025-09-23 18:01:36,24.42,68.25
2025-09-23 18:01:38,21.41,59.87
2025-09-23 18:01:40,22.03,52.81
2025-09-23 18:01:42,18.23,53.41
2025-09-23 18:01:44,20.92,66.97
2025-09-23 18:01:46,29.51,52.87
2025-09-23 18:01:48,21.06,74.16
2025-09-23 18:01:50,24.32,76.89
2025-09-23 18:01:52,22.07,51.18
2025-09-23 18:01:54,22.77,43.38
2025-09-23 18:01:56,27.06,70.59
2025-09-23 18:01:58,21.58,46.47
2025-09-23 18:02:00,26.0,43.18
2025-09-23 18:02:02,28.13,79.64
2025-09-23 18:02:04,28.34,68.21
2025-09-23 18:02:06,20.86,48.55
2025-09-23 18:02:08,29.51,50.94
2025-09-23 18:02:10,24.09,55.83
2025-09-23 18:02:12,25.41,54.63
2025-09-23 18:02:14,29.45,41.28
2025-09-23 18:02:16,20.06,73.77
2025-09-23 18:02:18,18.24,58.52
2025-09-23 18:02:20,22.26,64.14
2025-09-23 18:02:22,25.4,42.04
2025-09-23 18:02:24,24.9,78.09
2025-09-23 18:02:26,22.28,40.3
2025-09-23 18:02:28,22.58,49.64
2025-09-23 18:02:30,27.41,66.78
2025-09-23 18:02:32,25.9,65.7
2025-09-23 18:02:34,20.51,64.42
2025-09-23 18:02:36,23.11,52.45
2025-09-23 18:02:38,22.29,60.77
2025-09-23 18:02:40,18.71,63.27
2025-09-23 18:02:42,19.23,72.9
2025-09-23 18:02:44,20.3,77.72
2025-09-23 18:02:46,19.31,71.13
2025-09-23 18:02:48,22.81,42.18
2025-09-23 18:02:50,23.39,64.55
2025-09-23 18:02:52,21.29,51.21
2025-09-23 18:02:54,19.03,47.29
2025-09-23 18:02:56,24.83,51.41
2025-09-23 18:02:58,18.11,75.67
2025-09-23 18:03:00,25.88,69.98
2025-09-23 18:03:02,19.73,60.38
2025-09-23 18:03:04,22.61,60.38
2025-09-23 18:03:06,29.17,76.06
2025-09-23 18:03:08,26.22,43.6
2025-09-23 18:03:10,24.11,79.38
2025-09-23 18:03:12,19.81,44.71
2025-09-23 18:03:14,20.46,56.05
2025-09-23 18:03:16,28.02,79.29
2025-09-23 18:03:18,27.8,50.68
2025-09-23 18:03:20,21.23,76.01
2025-09-23 18:03:22,28.82,57.7
2025-09-23 18:03:24,24.29,67.89
2025-09-23 18:03:26,18.55,51.6
2025-09-23 18:03:28,27.65,49.98
2025-09-23 18:03:30,22.02,61.47
2025-09-23 18:03:32,28.83,70.73
2025-09-23 18:03:34,25.01,54.62
2025-09-23 18:03:36,28.3,40.11
2025-09-23 18:03:38,25.34,51.48
2025-09-23 18:03:40,21.7,74.22
2025-09-23 18:03:42,19.35,61.0
2025-09-23 18:03:44,29.73,60.88
2025-09-23 18:03:46,23.37,76.46
2025-09-23 18:03:48,24.58,66.49
2025-09-23 18:03:50,23.32,52.87
2025-09-23 18:03:52,22.18,79.65
2025-09-23 18:03:54,19.45,62.47
2025-09-23 18:03:56,29.66,80.0
2025-09-23 18:03:58,21.97,42.72
2025-09-23 18:04:00,23.82,66.7
2025-09-23 18:04:02,28.71,69.78
2025-09-23 18:04:04,20.83,47.0
2025-09-23 18:04:06,24.0,69.46
2025-09-23 18:04:08,20.48,49.11
2025-09-23 18:04:10,19.64,40.9
2025-09-23 18:04:12,22.03,49.46
2025-09-23 18:04:14,18.6,76.61
2025-09-23 18:04:16,25.17,47.51
2025-09-23 18:04:18,29.28,66.58
2025-09-23 18:04:20,29.51,77.2
2025-09-23 18:04:22,25.14,40.71
2025-09-23 18:04:24,21.76,66.59
2025-09-23 18:04:26,21.43,64.08
2025-09-23 18:04:28,19.49,47.71
2025-09-23 18:04:30,23.54,50.67
2025-09-23 18:04:32,25.2,41.52
2025-09-23 18:04:34,26.54,46.56
2025-09-23 18:04:36,26.55,51.43
2025-09-23 18:04:38,29.37,64.1
2025-09-23 18:04:40,28.91,40.51
2025-09-23 18:04:42,28.98,78.67
2025-09-23 18:04:44,24.52,78.27
2025-09-23 18:04:46,19.1,77.21
2025-09-23 18:04:48,26.18,77.18
2025-09-23 18:04:50,28.47,71.16
2025-09-23 18:04:52,28.92,67.91
2025-09-23 18:04:54,27.98,58.13
2025-09-23 18:04:56,29.93,58.95
2025-09-23 18:04:58,24.23,43.34
2025-09-23 18:05:00,24.81,48.17
2025-09-23 18:05:02,20.81,40.53
2025-09-23 18:05:04,19.79,63.4
2025-09-23 18:05:06,20.77,42.69
2025-09-23 18:05:08,29.4,61.01
2025-09-23 18:05:10,22.75,65.56
2025-09-23 18:05:12,22.92,44.22
2025-09-23 18:05:14,23.41,73.15
2025-09-23 18:05:16,22.07,64.17
2025-09-23 18:05:18,22.59,59.29
2025-09-23 18:05:20,22.16,72.63
2025-09-23 18:05:22,23.52,69.49
2025-09-23 18:05:24,28.07,68.49
2025-09-23 18:05:26,20.07,75.47
2025-09-23 18:05:28,24.92,43.71
2025-09-23 18:05:30,18.53,40.76
2025-09-23 18:05:32,26.05,41.76
2025-09-23 18:05:34,29.31,53.93
2025-09-23 18:05:36,21.32,41.61
2025-09-23 18:05:38,19.36,72.43
2025-09-23 18:05:40,28.24,76.66
2025-09-23 18:05:42,22.6,74.42
2025-09-23 18:05:44,19.81,61.43
2025-09-23 18:05:46,18.51,64.17
2025-09-23 18:05:48,23.6,68.13
2025-09-23 18:05:50,18.21,43.84
2025-09-23 18:05:52,23.36,64.46
2025-09-23 18:05:54,22.81,62.89
2025-09-23 18:05:56,18.91,77.25
2025-09-23 18:05:58,19.89,50.92
2025-09-23 18:06:00,25.66,72.81
2025-09-23 18:06:02,21.08,44.91
2025-09-23 18:06:04,21.04,54.5
2025-09-23 18:06:06,22.49,42.82
2025-09-23 18:06:08,26.3,71.66
2025-09-23 18:06:10,25.51,41.59
2025-09-23 18:06:12,18.47,48.87
2025-09-23 18:06:14,20.31,48.18
2025-09-23 18:06:16,18.33,71.23
2025-09-23 18:06:18,23.17,42.71
2025-09-23 18:06:20,27.25,40.38
2025-09-23 18:06:22,28.97,58.62
2025-09-23 18:06:24,18.34,46.36
2025-09-23 18:06:26,27.12,74.07
2025-09-23 18:06:28,21.44,44.75
2025-09-23 18:06:30,27.65,76.15
2025-09-23 18:06:32,29.93,64.22
2025-09-23 18:06:34,20.01,44.15
2025-09-23 18:06:36,25.08,68.24
2025-09-23 18:06:38,20.58,44.82
2025-09-23 18:06:40,22.32,40.43
2025-09-23 18:06:42,25.55,43.95
2025-09-23 18:06:44,23.92,53.2
2025-09-23 18:06:46,25.72,45.47
2025-09-23 18:06:48,20.67,47.1
2025-09-23 18:06:50,27.19,60.16
2025-09-23 18:06:52,28.31,62.09
2025-09-23 18:06:55,25.38,46.59
2025-09-23 18:06:57,27.73,65.31
2025-09-23 18:06:59,23.8,56.91
2025-09-23 18:07:01,22.51,44.51
2025-09-23 18:07:03,22.75,50.32
2025-09-23 18:07:05,24.77,77.55
2025-09-23 18:07:07,19.39,64.54
2025-09-23 18:07:09,28.67,54.85
2025-09-23 18:07:11,21.41,43.48
2025-09-23 18:07:13,19.18,42.94
2025-09-23 18:07:15,29.3,79.99
2025-09-23 18:07:17,28.92,55.04
2025-09-23 18:07:19,25.73,43.59
2025-09-23 18:07:21,27.05,79.81
2025-09-23 18:07:23,29.78,76.43
2025-09-23 18:07:25,21.09,64.3
2025-09-23 18:07:27,26.77,50.98
2025-09-23 18:07:29,20.25,66.23
2025-09-23 18:07:31,27.8,48.66
2025-09-23 18:07:33,19.74,68.65
2025-09-23 18:07:35,21.04,52.58
2025-09-23 18:07:37,22.23,45.65
2025-09-23 18:07:39,27.52,41.37
2025-09-23 18:07:41,29.96,61.72
2025-09-23 18:07:43,25.4,55.79
2025-09-23 18:07:45,21.99,43.45
2025-09-23 18:07:47,29.91,52.61
2025-09-23 18:07:49,27.1,56.55
2025-09-23 18:07:51,18.69,53.24
2025-09-23 18:07:53,26.05,56.63
2025-09-23 18:07:55,19.14,70.82
2025-09-23 18:07:57,27.02,75.46
2025-09-23 18:07:59,20.63,53.37
2025-09-23 18:08:01,26.17,74.19
2025-09-23 18:08:03,26.34,45.64
2025-09-23 18:08:05,28.61,56.18
2025-09-23 18:08:07,28.23,50.09
2025-09-23 18:08:09,26.96,56.6
2025-09-23 18:08:11,20.9,54.23
2025-09-23 18:08:13,20.23,72.01
2025-09-23 18:08:15,25.67,68.99
2025-09-23 18:08:17,28.23,64.18
2025-09-23 18:08:19,23.11,51.58
2025-09-23 18:08:21,18.9,72.16
2025-09-23 18:08:23,23.02,68.05
2025-09-23 18:08:25,27.43,68.75
2025-09-23 18:08:27,24.35,66.71
2025-09-23 18:08:29,26.18,51.28
2025-09-23 18:08:31,21.45,68.43
2025-09-23 18:08:33,18.12,43.97
2025-09-23 18:08:35,22.76,54.06
2025-09-23 18:08:37,27.79,58.64
2025-09-23 18:08:39,18.24,45.77
2025-09-23 18:08:41,25.38,68.22
2025-09-23 18:08:43,26.98,56.29
2025-09-23 18:08:45,22.67,56.68
2025-09-23 18:08:47,29.83,65.97
2025-09-23 18:08:49,26.22,69.66
2025-09-23 18:08:51,28.07,46.37
2025-09-23 18:08:53,25.27,54.24
2025-09-23 18:08:55,28.23,54.35
2025-09-23 18:08:57,27.38,62.73
2025-09-23 18:08:59,28.88,78.23
2025-09-23 18:09:01,23.81,41.17
2025-09-23 18:09:03,27.05,72.2
2025-09-23 18:09:05,28.07,68.57
2025-09-23 18:09:07,19.35,56.1
2025-09-23 18:09:09,19.74,62.74
2025-09-23 18:09:11,24.58,42.93
2025-09-23 18:09:13,23.4,56.09
2025-09-23 18:09:15,23.38,77.92
2025-09-23 18:09:17,28.6,45.63
2025-09-23 18:09:19,28.57,59.8
2025-09-23 18:09:21,22.52,53.43
2025-09-23 18:09:23,22.74,59.2
2025-09-23 18:09:25,20.16,50.66
2025-09-23 18:09:27,29.89,63.57
2025-09-23 18:09:29,19.93,73.92
2025-09-23 18:09:31,20.85,47.86
2025-09-23 18:09:33,22.6,73.32
2025-09-23 18:09:35,27.39,41.44
2025-09-23 18:09:37,23.88,68.29
2025-09-23 18:09:39,20.23,41.94
2025-09-23 18:09:41,28.2,70.55
2025-09-23 18:09:43,21.49,67.66
2025-09-23 18:09:45,19.19,57.36
2025-09-23 18:09:47,28.6,71.19
2025-09-23 18:09:49,25.25,68.7
2025-09-23 18:09:51,21.37,48.55
2025-09-23 18:09:53,29.98,74.76
2025-09-23 18:09:55,27.5,75.37
2025-09-23 18:09:57,28.29,50.48
2025-09-23 18:09:59,28.55,73.26
2025-09-23 18:10:01,18.85,71.3
2025-09-23 18:10:03,19.62,72.97
2025-09-23 18:10:05,25.48,66.51
2025-09-23 18:10:07,20.1,58.16
2025-09-23 18:10:09,18.31,76.9
2025-09-23 18:10:11,19.96,51.58
2025-09-23 18:10:13,21.77,68.73
2025-09-23 18:10:15,24.83,42.3
2025-09-23 18:10:17,19.59,79.18
2025-09-23 18:10:19,27.12,42.71
2025-09-23 18:10:21,19.93,50.62
2025-09-23 18:10:23,21.76,55.9
2025-09-23 18:10:25,27.56,50.26
2025-09-23 18:10:27,22.16,52.56
2025-09-23 18:10:29,20.78,53.21
2025-09-23 18:10:31,24.24,58.87
2025-09-23 18:10:33,27.06,42.59
2025-09-23 18:10:35,25.25,49.08
2025-09-23 18:10:37,18.36,49.59
2025-09-23 18:10:39,22.73,70.17
2025-09-23 18:10:41,23.21,64.78
2025-09-23 18:10:43,20.2,43.14
2025-09-23 18:10:45,18.62,53.21
2025-09-23 18:10:47,29.72,59.96
2025-09-23 18:10:49,27.43,43.73
2025-09-23 18:10:51,26.82,44.28
2025-09-23 18:10:53,28.29,44.02
2025-09-23 18:10:55,29.87,56.4
2025-09-23 18:10:57,19.78,46.99
2025-09-23 18:10:59,28.94,65.2
2025-09-23 18:11:01,29.75,51.53
2025-09-23 18:11:03,19.89,43.42
2025-09-23 18:11:05,30.0,60.75
2025-09-23 18:11:07,20.16,59.16
2025-09-23 18:11:09,25.73,41.24
2025-09-23 18:11:11,24.32,48.45
2025-09-23 18:11:13,27.13,75.25
2025-09-23 18:11:15,24.81,48.35
2025-09-23 18:11:17,19.56,40.03
2025-09-23 18:11:19,26.11,62.77
2025-09-23 18:11:21,29.42,68.29
2025-09-23 18:11:23,23.4,67.83
2025-09-23 18:11:25,24.91,73.9
2025-09-23 18:11:27,26.56,49.0
2025-09-23 18:11:29,25.72,56.73
2025-09-23 18:11:31,27.84,49.96
2025-09-23 18:11:33,18.9,56.37
2025-09-23 18:11:35,19.14,66.48
2025-09-23 18:11:37,25.06,48.68
2025-09-23 18:11:39,20.29,52.86
2025-09-23 18:11:41,19.29,52.55
2025-09-23 18:11:43,23.42,66.28
2025-09-23 18:11:45,24.13,72.44
2025-09-23 18:11:47,24.06,46.29
2025-09-23 18:11:49,19.89,54.6
2025-09-23 18:11:51,22.67,49.5
2025-09-23 18:11:53,21.18,60.32
2025-09-23 18:11:55,25.72,42.54
2025-09-23 18:11:57,26.11,59.68
2025-09-23 18:11:59,23.67,68.69
2025-09-23 18:12:01,28.89,75.37
2025-09-23 18:12:03,23.63,70.09
2025-09-23 18:12:05,19.59,79.31
2025-09-23 18:12:07,23.88,40.94
2025-09-23 18:12:09,19.63,71.03
2025-09-23 18:12:11,25.35,55.07
2025-09-23 18:12:13,29.77,49.12
2025-09-23 18:12:15,26.5,57.9
2025-09-23 18:12:17,24.68,58.97
2025-09-23 18:12:19,29.88,60.17
2025-09-23 18:12:21,24.27,56.82
2025-09-23 18:12:23,27.89,78.23
2025-09-23 18:12:25,18.77,50.31
2025-09-23 18:12:27,29.84,56.98
2025-09-23 18:12:29,27.56,56.15
2025-09-23 18:12:31,20.47,41.53
2025-09-23 18:12:33,29.15,56.23
2025-09-23 18:12:35,27.29,50.7
2025-09-23 18:12:37,21.86,74.56
2025-09-23 18:12:39,21.09,64.12
2025-09-23 18:12:41,24.69,40.71
2025-09-23 18:12:43,26.31,75.02
2025-09-23 18:12:45,25.86,68.2
2025-09-23 18:12:47,20.26,75.48
2025-09-23 18:12:49,21.88,58.44
2025-09-23 18:12:51,25.41,74.65
2025-09-23 18:12:53,21.35,66.51
2025-09-23 18:12:55,26.56,53.19
2025-09-23 18:12:57,24.39,54.08
2025-09-23 18:12:59,27.41,61.91
2025-09-23 18:13:01,22.09,78.91
2025-09-23 18:13:03,24.64,78.46
2025-09-23 18:13:05,29.6,68.67
2025-09-23 18:13:07,27.81,60.18
2025-09-23 18:13:09,29.29,42.23
2025-09-23 18:13:11,19.31,67.6
2025-09-23 18:13:13,19.68,65.33
2025-09-23 18:13:15,29.5,53.48
2025-09-23 18:13:17,29.09,48.23
2025-09-23 18:13:19,18.2,52.51
2025-09-23 18:13:21,24.45,52.94
2025-09-23 18:13:23,21.91,48.12
2025-09-23 18:13:25,18.39,57.55
2025-09-23 18:13:27,29.28,50.92
2025-09-23 18:13:29,20.81,62.72
2025-09-23 18:13:31,20.56,71.72
2025-09-23 18:13:33,22.15,60.17
2025-09-23 18:13:35,28.81,79.56
2025-09-23 18:13:37,27.51,72.44
2025-09-23 18:13:39,22.66,74.69
2025-09-23 18:13:41,18.07,53.52
2025-09-23 18:13:43,26.16,72.85
2025-09-23 18:13:45,21.6,47.94
2025-09-23 18:13:47,21.59,72.34
2025-09-23 18:13:49,20.85,60.27
2025-09-23 18:13:51,26.91,69.81
2025-09-23 18:13:53,26.21,51.19
2025-09-23 18:13:55,27.11,58.19
2025-09-23 18:13:57,18.34,62.93
2025-09-23 18:13:59,19.36,75.6
2025-09-23 18:14:01,24.4,73.73
2025-09-23 18:14:03,23.76,47.46
2025-09-23 18:14:05,27.58,43.59
2025-09-23 18:14:07,22.04,59.99
2025-09-23 18:14:09,18.84,79.2
2025-09-23 18:14:11,29.51,72.7
2025-09-23 18:14:13,27.02,70.66
2025-09-23 18:14:15,25.01,42.56
2025-09-23 18:14:17,22.43,43.85
2025-09-23 18:14:19,20.32,71.29
2025-09-23 18:14:21,23.86,44.93
2025-09-23 18:14:23,26.89,68.76
2025-09-23 18:14:25,21.98,57.97
2025-09-23 18:14:27,21.98,59.45
2025-09-23 18:14:29,18.91,55.91
2025-09-23 18:14:31,26.99,48.7
2025-09-23 18:14:33,18.74,71.64
2025-09-23 18:14:35,20.21,55.32
2025-09-23 18:14:37,19.56,69.64
2025-09-23 18:14:39,18.98,72.3
2025-09-23 18:14:41,23.33,57.26
2025-09-23 18:14:43,28.1,70.63
2025-09-23 18:14:45,28.17,74.86
2025-09-23 18:14:47,24.66,63.97
2025-09-23 18:14:49,23.56,43.16
2025-09-23 18:14:51,27.04,44.07
2025-09-23 18:14:53,25.19,41.56
2025-09-23 18:14:55,26.56,68.57
2025-09-23 18:14:57,18.34,61.99
2025-09-23 18:14:59,19.71,56.38
2025-09-23 18:15:01,29.57,56.16
2025-09-23 18:15:03,19.43,67.23
2025-09-23 18:15:05,18.45,61.05
2025-09-23 18:15:07,23.45,47.23
2025-09-23 18:15:09,23.63,53.11
2025-09-23 18:15:11,24.02,72.98
2025-09-23 18:15:13,19.2,73.23
2025-09-23 18:15:15,29.76,73.21
2025-09-23 18:15:17,25.46,48.9
2025-09-23 18:15:19,25.22,64.76
2025-09-23 18:15:21,26.23,59.32
2025-09-23 18:15:23,22.33,67.78
2025-09-23 18:15:25,27.94,57.49
2025-09-23 18:15:27,29.72,50.77
2025-09-23 18:15:29,29.51,66.65
2025-09-23 18:15:31,23.94,65.1
2025-09-23 18:15:33,26.79,62.24
2025-09-23 18:15:35,24.62,48.25
2025-09-23 18:15:37,26.42,55.99
2025-09-23 18:15:39,25.89,44.81
2025-09-23 18:15:41,18.32,78.6
2025-09-23 18:15:43,28.92,55.25
2025-09-23 18:15:45,23.61,50.38
2025-09-23 18:15:47,29.1,69.96
2025-09-23 18:15:49,28.37,48.02
2025-09-23 18:15:51,21.81,56.8
2025-09-23 18:15:53,25.13,65.57
2025-09-23 18:15:55,27.07,53.48
2025-09-23 18:15:57,18.6,55.07
2025-09-23 18:15:59,20.69,62.29
2025-09-23 18:16:01,21.06,67.04
2025-09-23 18:16:03,25.52,74.16
2025-09-23 18:16:05,21.22,40.75
2025-09-23 18:16:07,22.15,66.06
2025-09-23 18:16:09,29.37,48.89
2025-09-23 18:16:11,26.76,57.64
2025-09-23 18:16:13,22.35,73.63
2025-09-23 18:16:15,19.98,40.66
2025-09-23 18:16:17,23.62,45.79
2025-09-23 18:16:19,26.33,55.38
2025-09-23 18:16:21,27.39,46.05
2025-09-23 18:16:23,22.49,56.41
2025-09-23 18:16:25,28.77,63.93
2025-09-23 18:16:27,23.3,42.02
2025-09-23 18:16:29,19.0,48.35
2025-09-23 18:16:31,29.29,48.19
2025-09-23 18:16:33,23.78,78.14
2025-09-23 18:16:35,19.95,72.18
2025-09-23 18:16:37,21.68,53.66
2025-09-23 18:16:39,25.94,65.4
2025-09-23 18:16:41,29.95,77.42
2025-09-23 18:16:43,24.86,43.19
2025-09-23 18:16:45,28.85,76.96
2025-09-23 18:16:47,27.81,51.84
2025-09-23 18:16:49,23.59,63.21
2025-09-23 18:16:51,25.68,71.6
2025-09-23 18:16:53,29.62,76.02
2025-09-23 18:16:55,22.0,44.75
2025-09-23 18:16:57,22.59,76.95
2025-09-23 18:16:59,29.12,62.89
2025-09-23 18:17:01,28.33,77.55
2025-09-23 18:17:03,24.13,63.76
2025-09-23 18:17:05,26.95,66.16
2025-09-23 18:17:07,19.0,45.29
2025-09-23 18:17:09,24.77,71.54
2025-09-23 18:17:11,21.15,75.71
2025-09-23 18:17:13,25.09,50.21
2025-09-23 18:17:15,18.72,58.69
